0.999996543 0.000574424688 -0.00256454875 -0.0309325606 -0.000570287695 0.999998569 0.00161367632 -0.0477848127 0.00256547146 -0.0016122082 0.999995351 0.133068159 0 0 0 1
0.999999821 0.000392145361 -0.000399489538 -0.02288156 -0.00039252537 0.999999464 -0.000951417838 -0.0412506424 0.000399116165 0.000951574417 0.999999642 0.0454505049 0 0 0 1
0.999999106 9.50886752e-05 0.00144217093 -0.0116460128 -8.87370115e-05 0.999990404 -0.00440373411 -0.0314345956 -0.00144257571 0.00440360187 0.999989271 -0.129869804 0 0 0 1
0.999995589 -0.000230482881 0.00297782826 -0.00257389806 0.000256208441 0.999962747 -0.00864160992 -0.0221070629 -0.0029757251 0.00864233449 0.999958396 -0.384718925 0 0 0 1
0.999991 -0.00053778541 0.00422870694 0.00164769311 0.000595269434 0.999907255 -0.0136042871 -0.0144281406 -0.00422099791 0.0136066759 0.999898672 -0.695551455 0 0 0 1
0.999985993 -0.00084491336 0.00524388067 0.00202502031 0.000945836131 0.999813735 -0.0192732979 -0.00698423618 -0.00522662094 0.0192779917 0.999800444 -1.02855229 2.22243751e-10 -9.91522975e-10 6.32060306e-08 0.99999994
0.99998045 -0.00120815518 0.00612306409 0.0014803987 0.00136487046 0.999670029 -0.0256549884 0.00302426144 -0.00609004823 0.025662845 0.999652147 -1.35654736 -1.37717615e-12 -3.00997227e-10 5.85723114e-09 1
0.999974191 -0.00166750688 0.0069921161 0.00230078516 0.0018956908 0.999461412 -0.0327559486 0.0189794041 -0.00693372916 0.0327683501 0.999439061 -1.67147136 7.1459616e-11 -3.53926444e-09 -9.72220633e-08 1
0.999966085 -0.00220776 0.00793122221 0.00486969948 0.0025276274 0.999174356 -0.0405491628 0.0435212776 -0.00783515163 0.0405678377 0.999146163 -1.97882211 1.39783407e-10 2.22849739e-10 9.23173005e-09 1
0.999956369 -0.00276515377 0.00892903283 0.00809356757 0.00319912587 0.998795629 -0.0489597693 0.076745972 -0.00878289621 0.048986204 0.998760879 -2.28325558 -2.85686141e-10 4.98076247e-10 2.87003559e-08 1
0.999945521 -0.00327623286 0.00991711859 0.0104679987 0.00384508003 0.998315275 -0.0578955598 0.116518229 -0.00971073005 0.0579305254 0.998273373 -2.58532929 2.62475403e-10 -6.40857922e-10 -1.41516665e-08 1
0.999934375 -0.00372235919 0.0108328564 0.0106065571 0.00444313092 0.99772352 -0.0672910586 0.16164206 -0.010557713 0.0673347861 0.997674465 -2.89024568 -1.09002196e-10 9.19996967e-10 1.18165389e-08 1
0.999923885 -0.00411893381 0.0116383275 0.00708876178 0.00500457268 0.997009039 -0.0771225244 0.214318022 -0.0112858536 0.0771748871 0.996953666 -3.2103126 -6.85781432e-11 8.23908053e-10 1.52675099e-08 1
0.999914229 -0.00446473481 0.0123136509 -0.00183782389 0.00552420784 0.99615854 -0.0873949751 0.278651476 -0.0118761491 0.0874555036 0.996097684 -3.55385256 -2.66563327e-10 2.87667001e-09 4.53374795e-08 1
0.999906182 -0.00472703809 0.0128604425 -0.0174056925 0.00596654601 0.995156884 -0.0981182158 0.357092023 -0.0123343477 0.098185733 0.995091736 -3.9155283 -9.01734243e-12 1.94747329e-10 -7.20336146e-09 1
0.999899864 -0.00489078276 0.0132825021 -0.0375171602 0.00631353818 0.993990958 -0.109279938 0.449133843 -0.0126682222 0.109352842 0.993922293 -4.28167868 -3.15498738e-11 1.58182001e-09 4.30513118e-08 0.999999881
0.999895692 -0.0049972157 0.0135454051 -0.0550517626 0.00659782905 0.992651701 -0.120826691 0.553047836 -0.0128420712 0.120903477 0.992581248 -4.64274502 -1.75411935e-10 1.28184174e-09 -2.43894149e-09 1
0.9998945 -0.00511122728 0.0135922274 -0.0612995476 0.00686979573 0.991137803 -0.132659733 0.667379737 -0.0127937132 0.132739097 0.991068661 -4.99633455 2.43401466e-10 3.621623e-10 1.99637995e-08 1
0.999896109 -0.00526519865 0.013416552 -0.0522546396 0.00715106493 0.989457786 -0.144644573 0.790191472 -0.0125135286 0.144725472 0.989392817 -5.33912277 5.509454e-11 1.39122491e-10 -7.06917902e-09 1
0.999899387 -0.0054472154 0.0130931828 -0.0314649455 0.007431434 0.987628579 -0.156635925 0.918023825 -0.0120779695 0.156717479 0.98756969 -5.66194248 -3.54144769e-11 3.09804271e-09 1.14549401e-08 1
0.999903381 -0.00562722608 0.0127263842 -0.0075940853 0.00769194262 0.985668659 -0.168517381 1.04723608 -0.0115957167 0.168598831 0.985616624 -5.95802355 -3.86197185e-10 -9.33670918e-10 -3.53884744e-09 1
0.999906659 -0.00578609155 0.0123773366 0.0104559967 0.00792268105 0.983592153 -0.18023172 1.17689967 -0.0111314151 0.180312634 0.983546555 -6.23554468 -1.908049e-10 3.30081917e-09 1.57765996e-08 0.99999994
0.999910057 -0.0059377295 0.0120328264 0.0182372704 0.00813558418 0.981406152 -0.191769361 1.30955112 -0.0106704179 0.191849813 0.981366396 -6.51683664 1.44207701e-11 -6.9856676e-10 -7.25874472e-09 1
0.999913514 -0.00613162899 0.0116357738 0.0177955087 0.00836780667 0.979117393 -0.20312351 1.44818354 -0.0101473089 0.203203514 0.979084074 -6.82112598 -1.28899474e-10 1.39723855e-09 1.38242191e-08 1
0.999917448 -0.00641475199 0.0111524621 0.014791064 0.00865586475 0.976736426 -0.214268968 1.59306514 -0.00951852929 0.214348152 0.976710975 -7.14854527 -3.940194e-11 6.43916698e-10 -1.6066144e-09 1
0.999920785 -0.00677204179 0.0106131257 0.012860043 0.00898847729 0.974274158 -0.225187227 1.74271262 -0.00881511625 0.225264743 0.974257827 -7.48317289 2.61165395e-11 2.71914713e-10 1.66958003e-10 1
0.999923706 -0.00709940214 0.0100910254 0.0110420156 0.0092797596 0.971737146 -0.235882938 1.8972739 -0.00813119765 0.235958308 0.971729279 -7.80998182 9.19778559e-11 -1.97863725e-09 -7.90606691e-09 1.00000012
0.999927104 -0.00724529568 0.00964827277 0.00642854581 0.00939922407 0.969134748 -0.246352062 2.05875254 -0.00756558683 0.246424884 0.969132543 -8.12524033 1.14105878e-10 -3.85902643e-09 -9.40819156e-09 1.00000012
0.999931633 -0.00711462274 0.00928302202 -0.00165991019 0.00925832242 0.966488719 -0.256542206 2.22755647 -0.00714673242 0.25661087 0.966488361 -8.43153 -5.24033074e-11 2.13250928e-09 4.93066565e-09 0.99999994
0.999937475 -0.0067696441 0.0089035295 -0.00998222269 0.00889694691 0.963831007 -0.266365945 2.40068722 -0.00677829469 0.266428471 0.963830709 -8.72840023 -3.64441151e-11 5.28917354e-10 5.76804204e-09 0.99999994
0.999944389 -0.00642863382 0.00836179685 -0.0129777864 0.00848538522 0.961192191 -0.275749534 2.57432246 -0.00626460137 0.275805205 0.961193383 -9.01185799 4.10337701e-11 -1.96876937e-09 -9.21569665e-09 1.00000012
0.999951482 -0.00633902522 0.00753965694 -0.00608603796 0.00822313316 0.958595991 -0.284651041 2.7472465 -0.00542307366 0.284698963 0.958601534 -9.28141689 -2.58750729e-11 1.49959689e-09 3.31002559e-09 1
0.999957383 -0.00662482344 0.00642327825 0.0117355091 0.00821631495 0.956070125 -0.293023199 2.9205637 -0.00419987366 0.293063462 0.956083894 -9.54310131 -6.62042088e-11 5.88623816e-09 1.76347381e-08 0.999999821
0.99996078 -0.00722902082 0.0051050894 0.0381311253 0.00842979737 0.953661263 -0.300764441 3.09416795 -0.0026942906 0.300795853 0.953684688 -9.80387115 -1.90596774e-11 2.97497227e-09 3.74179443e-09 0.99999994
0.999961317 -0.00797558669 0.0037162283 0.0692546815 0.00873218477 0.951430857 -0.30773899 3.2644937 -0.00108133594 0.307759672 0.951463521 -10.0653391 2.44813503e-10 -4.41323333e-09 -8.78872974e-09 1.00000012
0.999959469 -0.00868765824 0.00234195497 0.101613417 0.00898370892 0.949429631 -0.313851088 3.42648649 0.000503107905 0.313859284 0.949469388 -10.3254271 3.16735527e-12 3.24902372e-09 8.58710791e-09 0.99999994
0.999956369 -0.00927564502 0.000987690641 0.133309513 0.00910591707 0.947681427 -0.319087625 3.57790065 0.00202372554 0.319082797 0.94772464 -10.5856543 2.26579561e-10 -2.61846544e-10 -5.49419443e-09 1
0.999952734 -0.00973736215 -0.000375672505 0.164486825 0.00909230672 0.946190357 -0.323482662 3.72108054 0.00350532425 0.323463678 0.946234107 -10.8533669 7.78836023e-12 -1.04227382e-09 -1.75139192e-09 1
0.999947548 -0.0100926571 -0.00173709414 0.19628194 0.00896950252 0.944960892 -0.327060223 3.8600378 0.00494239386 0.32702741 0.945001781 -11.1348162 -1.45614701e-11 1.24377553e-09 -9.14925469e-10 1
0.999942005 -0.0103357323 -0.00301896129 0.228730291 0.00876181386 0.944005966 -0.32981196 3.99619508 0.00625875965 0.329766035 0.944042027 -11.4278269 8.74558204e-11 2.56997623e-09 8.17073698e-09 1
0.999937117 -0.0104346881 -0.00411389442 0.259469509 0.00847946946 0.943346262 -0.331701905 4.12786102 0.00734203216 0.331645995 0.943375349 -11.7241201 2.4628255e-10 -7.83003884e-10 3.0809133e-11 1
0.999934375 -0.0103476392 -0.00493487483 0.284301907 0.00811664667 0.943003535 -0.332683176 4.25323439 0.00809609238 0.332621574 0.943025589 -12.0183878 -3.00448208e-11 -9.22575794e-10 -6.90765489e-09 1.00000012
0.999934614 -0.0100562964 -0.0054470636 0.299096495 0.00767122582 0.942995965 -0.332715482 4.37174034 0.00848244783 0.332652062 0.943011463 -12.3120089 -2.00814504e-11 4.61598182e-09 1.41787373e-08 0.999999881
0.999937594 -0.00961851329 -0.00568958232 0.301855832 0.00718594342 0.943320155 -0.33180654 4.48248243 0.00855858345 0.331744909 0.943330467 -12.6081285 4.30134747e-11 3.49872131e-09 7.84121212e-09 1
0.999940991 -0.00917575043 -0.00578349875 0.294069529 0.0067529981 0.943942904 -0.330039769 4.58345413 0.00848765299 0.329981029 0.943949521 -12.907299 1.809429e-10 3.66061803e-09 7.53074936e-09 0.99999994
0.999943197 -0.00887889694 -0.00589228002 0.280772388 0.0064597996 0.944833457 -0.32748726 4.67253017 0.00847495068 0.327430755 0.944837213 -13.210763 -4.1321023e-11 -6.04895467e-10 -1.03620135e-09 1.00000012
0.999942482 -0.00880596973 -0.00613885513 0.268727928 0.00634067412 0.945981026 -0.324159741 4.74887276 0.00866178516 0.324102104 0.945982575 -13.5248461 -1.42170997e-10 -2.97129876e-10 -2.74237788e-09 1.00000012
0.999938548 -0.00894462969 -0.00654539745 0.263327211 0.00638003368 0.947398245 -0.319993585 4.81111717 0.00906331651 0.319931865 0.947396994 -13.857255 4.61550936e-11 2.60936961e-09 6.59406574e-09 1
0.999932826 -0.0092141116 -0.00704521919 0.266596705 0.00652704574 0.949102819 -0.314898938 4.85459518 0.00958815403 0.314832121 0.949098885 -14.2075224 -3.93186178e-11 -1.80239135e-09 -5.68563197e-09 1.00000012
0.999926746 -0.00948359072 -0.00753940875 0.277754098 0.00669179345 0.95109117 -0.30883804 4.87228727 0.0100995619 0.308765054 0.951084793 -14.563777 -5.78797565e-11 1.80122228e-09 5.23880495e-09 1
0.999922335 -0.00961116329 -0.00793001242 0.294168115 0.00676922034 0.953324139 -0.301872879 4.8597846 0.0104612187 0.301795691 0.953315258 -14.9117556 3.15187321e-11 -3.42439477e-09 -6.91232671e-09 1.00000012
0.999921858 -0.00952099822 -0.00811293349 0.310902536 0.00671365298 0.955735326 -0.294151217 4.81920385 0.0105544282 0.294073731 0.955724478 -15.2467232 9.08004852e-11 2.70215472e-09 5.72809178e-09 0.999999881
0.999925256 -0.00925424509 -0.00798908435 0.321023971 0.00658473279 0.95825237 -0.285847932 4.75809956 0.0103008682 0.285773903 0.958241522 -15.5757236 3.31860789e-11 6.82373713e-10 2.94796099e-09 1
0.999931633 -0.00892274734 -0.00753559684 0.319234282 0.00648539979 0.96081686 -0.277107626 4.68503332 0.00971288979 0.277039677 0.96080929 -15.9097548 3.97897271e-11 1.10338272e-09 5.75440939e-09 0.999999881
0.999939382 -0.00859761704 -0.00686392514 0.306258023 0.00644358341 0.963391483 -0.268021405 4.60566711 0.00891699549 0.267960757 0.963388443 -16.2553024 1.23348692e-11 5.94087002e-10 3.18411253e-09 0.99999994
0.999946952 -0.00824894104 -0.00616892241 0.288994581 0.00637293048 0.965953946 -0.2586357 4.52129841 0.00809236523 0.25858289 0.965955198 -16.612257 -1.31100797e-10 -5.21943377e-10 -4.72390127e-10 1
0.999953806 -0.00780553324 -0.00560114672 0.27585274 0.00616528094 0.968488932 -0.248980209 4.43023252 0.00736807473 0.248934209 0.96849227 -16.9774303 -2.26368438e-11 -7.46508411e-10 -1.53257584e-09 1
0.999960124 -0.00726844603 -0.00518265506 0.271532178 0.00581856491 0.970977664 -0.239098996 4.33096647 0.00677012 0.239058927 0.970981538 -17.348423 5.62930015e-11 -2.54477572e-09 -1.0429039e-08 1
0.999965787 -0.0067326203 -0.00481885159 0.274919242 0.0054498706 0.973396242 -0.229063526 4.22429609 0.00623284839 0.229029626 0.973399639 -17.724081 -2.46696205e-11 -1.4032161e-09 -4.18697077e-09 1.00000012
0.999970675 -0.00628241664 -0.00436547073 0.280428708 0.00517416652 0.975720048 -0.218960375 4.11238766 0.00563507387 0.218931288 0.975724101 -18.1023483 4.70374954e-12 5.07062059e-10 2.23684049e-09 1
0.999975562 -0.00590162771 -0.00369818206 0.281333476 0.00499905646 0.977930367 -0.208871782 3.99665713 0.00484924391 0.208847985 0.977936208 -18.4791374 4.49223991e-13 4.93148966e-10 2.22357732e-09 1
0.999980927 -0.00551487878 -0.00275676046 0.272981197 0.00485649891 0.980013192 -0.198873103 3.87746239 0.00379842403 0.198855534 0.980021358 -18.8505802 -9.12567175e-11 1.06290221e-09 4.56383376e-09 0.999999881
0.999985814 -0.00509531004 -0.00155072031 0.253869057 0.00471030641 0.981958628 -0.189037517 3.75509214 0.00248594512 0.189027637 0.98196882 -19.2154846 -1.29010171e-11 -7.72341746e-10 -3.57845931e-09 1.00000012
0.999989033 -0.00471002096 -0.000129455322 0.224361271 0.0046103592 0.98376137 -0.17942217 3.62982512 0.000972437556 0.179419771 0.983772039 -19.5743351 2.33928285e-12 2.44386122e-10 1.70656289e-09 0.99999994
0.999988973 -0.0044694501 0.00145196414 0.185327917 0.00465124007 0.985429943 -0.170018375 3.50071716 -0.000670920068 0.170022994 0.985439837 -19.927042 -1.43396774e-12 1.34320888e-10 2.56792787e-09 1
0.999985099 -0.004426728 0.00316146878 0.138115674 0.00487735076 0.986985266 -0.160736457 3.36560059 -0.00240878947 0.160749272 0.986992359 -20.2738609 -2.53087135e-12 6.79022893e-10 1.08518527e-09 1
0.999977231 -0.00450546015 0.00501366286 0.0847909451 0.00521304365 0.988444805 -0.151491389 3.22342062 -0.0042731869 0.151513934 0.988445938 -20.6185379 -1.1357331e-10 -1.24233068e-10 3.21524407e-09 1
0.999964893 -0.00454141945 0.00703752832 0.0282195807 0.00549652986 0.989813685 -0.142263114 3.07549691 -0.00631976454 0.142297074 0.989804029 -20.9676018 2.86594897e-11 -2.48261578e-10 -4.3891033e-09 1.00000012
0.999947727 -0.00442891428 0.00920508709 -0.0279683396 0.00561494799 0.991086364 -0.133102566 2.92490911 -0.00853353459 0.133147404 0.991059542 -21.3242073 -7.02270395e-11 -2.58593924e-10 -3.15417203e-09 1.00000012
0.999925971 -0.00421001483 0.0114066964 -0.0800229907 0.00559317507 0.992256284 -0.124080442 2.77434325 -0.0107959872 0.124135517 0.992206395 -21.6836185 -4.48493812e-11 4.47802295e-10 3.88862587e-09 0.99999994
0.999900579 -0.00399230793 0.0135318916 -0.12620832 0.00552552612 0.993323088 -0.115233421 2.62396169 -0.0129814968 0.11529664 0.993246496 -22.0370655 -3.67911257e-12 2.8043956e-11 1.61695102e-10 1.00000012
0.999871373 -0.00381619181 0.0155689698 -0.168740571 0.00545389997 0.994292915 -0.106544457 2.47109532 -0.0150735155 0.106615961 0.994185925 -22.3802071 -1.01606529e-10 8.62897975e-10 7.07482251e-09 0.99999994
0.999838352 -0.00364655559 0.0176019277 -0.212715998 0.00535405986 0.995176375 -0.0979569033 2.31243038 -0.0171598122 0.0980349034 0.995034993 -22.7168961 1.3397386e-10 -2.90683089e-10 -2.67514344e-09 1
0.999799788 -0.0034559546 0.0197185315 -0.26247263 0.00520607363 0.995981574 -0.0894063786 2.14665651 -0.0193303041 0.0894910246 0.995799899 -23.0535526 -7.4132131e-11 3.04940795e-10 3.553422e-09 1
0.99975419 -0.00325951003 0.0219348744 -0.318919003 0.00502372952 0.996712625 -0.0808620453 1.97507143 -0.0215992015 0.0809508637 0.99648422 -23.3911419 7.40993239e-11 -1.9560914e-10 -4.09369383e-09 1.00000012
0.999702692 -0.00309246988 0.0241846833 -0.379775792 0.00483555347 0.997367382 -0.0723510906 1.80006707 -0.023897266 0.0724462718 0.997085869 -23.7247276 -1.48642904e-10 2.32995678e-10 4.39348558e-09 0.99999994
0.999648035 -0.00300388318 0.0263571106 -0.441578895 0.0046845926 0.997942984 -0.0639387071 1.62333572 -0.0261108223 0.0640381053 0.997605503 -24.0511017 2.110985e-12 5.11971909e-10 7.79767717e-09 0.999999881
0.99959296 -0.00305764284 0.028364839 -0.501660049 0.00463390071 0.99843812 -0.0556727126 1.4450376 -0.0281502996 0.0557820536 0.998045921 -24.3739109 -1.91417798e-10 -1.39032064e-10 -1.0655441e-09 0.99999994
0.999538362 -0.00329184649 0.0302006789 -0.558678091 0.00472614914 0.998857915 -0.0475445949 1.26425195 -0.0300096869 0.0476649739 0.99841249 -24.6992111 -2.52480259e-11 1.18424895e-10 1.28160549e-09 0.99999994
0.999483466 -0.00366596552 0.0319233313 -0.611483037 0.0049263672 0.999207735 -0.039493449 1.07984853 -0.0317532569 0.0396288857 0.998709798 -25.0276661 7.16107729e-11 -8.93878027e-11 4.70433914e-10 1
0.999427736 -0.00406349916 0.0335825831 -0.658254027 0.00512011908 0.999492526 -0.0314374603 0.890629113 -0.0334377922 0.0315914154 0.998941362 -25.3545151 -1.40480405e-11 -2.08899564e-11 3.80627974e-10 1
0.999372125 -0.00435744133 0.0351648889 -0.697451293 0.00517911697 0.99971503 -0.0233092792 0.695097208 -0.0350532867 0.0234767683 0.999109745 -25.6775608 -6.03019995e-11 -2.3303956e-11 -7.34052819e-10 1
0.999319792 -0.0044900449 0.0366064981 -0.729043663 0.00504526217 0.999873459 -0.0150889289 0.492394745 -0.0365341157 0.0152633507 0.999215722 -26.001646 -3.37800343e-11 -1.19450769e-11 -1.04996145e-09 1
0.999273419 -0.00451159431 0.037844792 -0.754154801 0.00477274507 0.999965489 -0.00681308797 0.28367728 -0.0378127433 0.00698875869 0.999260545 -26.3327694 9.0692176e-12 -4.02071779e-12 -3.78355214e-09 1
0.999234676 -0.00454676058 0.0388540588 -0.774099171 0.00449308055 0.999988914 0.0014687432 0.0710116625 -0.0388603136 -0.00129304442 0.999244153 -26.6693554 2.04653072e-10 1.14617864e-12 -4.34415792e-09 1.00000012
0.999202907 -0.00470470916 0.0396415889 -0.790338695 0.00432092976 0.999943078 0.00976134744 -0.146044165 -0.0396852568 -0.00958227832 0.999166191 -27.0028324 4.35106118e-11 1.08826524e-11 -3.42069706e-10 1
0.99917835 -0.00499487948 0.0402171798 -0.804574013 0.00426826067 0.999826491 0.01813302 -0.371824324 -0.0403007753 -0.0179464631 0.999026477 -27.3266201 -2.24114338e-11 -1.04957987e-11 4.81463314e-10 1
0.999162614 -0.00531552732 0.0405648872 -0.817479432 0.00423630513 0.999636054 0.0266445857 -0.611142099 -0.0406917594 -0.0264504366 0.998821676 -27.641674 -1.37406059e-11 -2.51659665e-11 4.36279901e-11 1
0.999158084 -0.00553695671 0.0406451114 -0.827123284 0.0041029253 0.999368966 0.0352807567 -0.864363551 -0.040814817 -0.0350843035 0.998550594 -27.952322 1.06251674e-10 -2.67948164e-12 4.83847851e-10 1
0.999166489 -0.0056127226 0.0404343493 -0.829874754 0.00383268669 0.999025524 0.0439666286 -1.12657642 -0.0406417362 -0.0437742844 0.998214126 -28.2589245 1.22887825e-10 -3.0322414e-10 4.72682116e-09 1
0.999185383 -0.00560323941 0.03996462 -0.823718429 0.00349426456 0.998607159 0.0526470281 -1.39193869 -0.0402039513 -0.0524643809 0.997813284 -28.5585041 -5.39679412e-13 1.04984688e-10 5.89173155e-11 0.999999881
0.999211609 -0.00558939297 0.0393044762 -0.80992502 0.00317042717 0.998112023 0.0613394193 -1.6586591 -0.0395731106 -0.0611649789 0.997343123 -28.8523712 -7.40247585e-11 -9.12037529e-11 -2.29600561e-10 1
0.999243259 -0.00558973197 0.0384897217 -0.791093946 0.00287932809 0.997534633 0.0701174587 -1.92996585 -0.0387867689 -0.0699529573 0.996795654 -29.1482391 6.21689367e-11 -3.01681569e-10 3.14776116e-09 1
0.999281943 -0.00556634879 0.0374797434 -0.768386006 0.00258782716 0.996866941 0.0790544748 -2.21105695 -0.0378023498 -0.0789024085 0.996165395 -29.4519196 -1.86238427e-10 -1.03704434e-10 -8.85127527e-11 0.999999881
0.999330223 -0.00546895061 0.0361822173 -0.740617633 0.0022587867 0.996102452 0.0881748423 -2.50542784 -0.0365234278 -0.0880347267 0.995447695 -29.7597866 8.05338851e-11 -2.91583424e-12 4.68149519e-10 1.00000012
0.999390781 -0.00525216851 0.0345042981 -0.704493999 0.00186621328 0.995239675 0.0974397212 -2.81338334 -0.0348518193 -0.0973155648 0.994643211 -30.0637856 2.39636866e-10 8.47749482e-10 -7.29204075e-09 1.00000012
0.999463677 -0.00489864964 0.0323722847 -0.65492177 0.00141511601 0.994283199 0.106766872 -3.1329186 -0.0327102281 -0.106664091 0.993757069 -30.3619728 2.54613303e-10 3.86183308e-10 -4.32781588e-09 1.00000012
0.999547958 -0.00446820818 0.0297331009 -0.586571336 0.000987187726 0.993239999 0.116074748 -3.4616704 -0.0300507471 -0.11599344 0.992795169 -30.6594486 -8.13144829e-11 -5.78948001e-11 4.13283363e-09 1
0.999638438 -0.00409312733 0.0265744776 -0.496796966 0.000730369706 0.992114007 0.125336185 -3.79852986 -0.0268779341 -0.125271514 0.991758406 -30.9587173 1.48002638e-10 3.9915915e-10 -4.28699654e-09 1.00000012
0.999729216 -0.00387432845 0.0229420979 -0.387048364 0.000751237851 0.990899503 0.13460134 -4.1437645 -0.0232547987 -0.134547666 0.990634561 -31.2541142 3.6099547e-11 1.45409962e-10 -2.50061749e-10 1.00000012
0.999814093 -0.0037797133 0.0189140327 -0.261146158 0.00101776258 0.98958379 0.143954992 -4.49760246 -0.0192611255 -0.14390859 0.989403546 -31.5388508 -4.1089368e-11 -6.2897576e-11 7.75169484e-10 1
0.999887526 -0.00366086559 0.014554102 -0.122675695 0.0013844769 0.988156974 0.15344052 -4.85892344 -0.0149434619 -0.153403342 0.988050759 -31.8152618 -6.46468573e-11 -6.0562666e-12 1.32574618e-10 1
0.999945402 -0.00336743495 0.00989075471 0.0260672849 0.00170990475 0.9866184 0.163037345 -5.22595167 -0.0103074191 -0.16301176 0.986570239 -32.0936775 1.17740748e-11 -2.21416219e-11 -1.27079414e-09 0.99999994
0.999983847 -0.00284214574 0.00492526731 0.184170261 0.00194876688 0.984969139 0.172719613 -5.59854794 -0.00534213008 -0.17270726 0.984958649 -32.380806 -3.94203559e-11 -4.76587991e-10 2.35844055e-09 0.99999994
0.999997735 -0.00212052441 -0.000360075501 0.352619052 0.00215062429 0.98319912 0.182523966 -5.97968769 -3.30205658e-05 -0.182524309 0.983201325 -32.6711006 -1.37463933e-13 -8.19262658e-10 5.1345812e-09 0.999999881
0.999981046 -0.00126423093 -0.00601433497 0.535107613 0.00239864318 0.981285453 0.19254443 -6.37446547 0.00565835647 -0.192555338 0.981269717 -32.9518509 4.46132957e-11 -7.4686396e-10 3.28158012e-09 1
0.999926567 -0.000318050996 -0.0121186133 0.737369835 0.00276959175 0.97921145 0.202824339 -6.78576851 0.0118021769 -0.202843234 0.979140103 -33.2156258 -1.0071095e-11 5.08657561e-10 -2.24691021e-09 1.00000012
0.999823451 0.000670869602 -0.0187771004 0.965521455 0.00335019105 0.976982713 0.213293239 -7.21151018 0.0184879862 -0.213318676 0.976807892 -33.4656181 5.22390881e-11 -4.66195416e-10 2.80535883e-09 1
0.999659002 0.00162188336 -0.0260633603 1.22328019 0.00425417628 0.974625945 0.223799661 -7.64562702 0.0257661641 -0.223833919 0.974286854 -33.7087097 1.29082856e-11 7.19996684e-09 6.1905181e-10 0.999999881
0.999420881 0.00243184064 -0.0339432135 1.50924194 0.00558795268 0.972178578 0.234173894 -8.08095455 0.0335681066 -0.234228298 0.971601963 -33.946003 6.98299335e-11 6.78321799e-09 2.54141863e-09 0.99999994
0.999101639 0.00302285724 -0.0422717594 1.81707692 0.00740196416 0.969675064 0.244285718 -8.51222897 0.0417264178 -0.244379014 0.968781769 -34.1724625 3.98072825e-11 -2.77610335e-09 1.9256563e-10 1.00000012
0.998699784 0.00338249025 -0.050864391 2.13836408 0.00966382958 0.967141211 0.254056036 -8.93716621 0.050053563 -0.254217327 0.965851009 -34.3853951 -2.97499803e-08 -3.14981552e-09 3.43280693e-09 1
0.998217165 0.00356124132 -0.0595814511 2.46643639 0.0122830151 0.96459651 0.263443768 -9.35576153 0.0584093146 -0.26370573 0.962833226 -34.590168 -2.7663663e-10 -6.10348216e-10 -3.36086936e-09 1
0.997652233 0.00363640464 -0.068385914 2.79989433 0.0151681732 0.962054551 0.27243486 -9.76852226 0.0667809546 -0.27283287 0.959740937 -34.7946625 1.35279232e-10 -7.20156379e-10 3.47484508e-09 0.999999881
0.996996641 0.00368518569 -0.0773548037 3.14375734 0.0182569958 0.959528506 0.281019509 -10.1738625 0.0752594918 -0.28158775 0.956579506 -35.0002708 -1.07984316e-10 -1.20340937e-09 -1.55378543e-09 1
0.99623394 0.0037851755 -0.0866236538 3.50636864 0.0215053111 0.957042396 0.28914991 -10.5666218 0.0839958861 -0.289923728 0.953356743 -35.2014809 2.97872624e-08 -2.81317369e-09 -2.22422081e-09 1.00000012
0.99534595 0.00401227782 -0.096282281 3.89352202 0.0248544309 0.954640865 0.296720833 -10.940093 0.0931055993 -0.297732532 0.950098395 -35.3949585 2.7499214e-10 -7.00973724e-09 1.37644651e-09 0.99999994
0.994323909 0.00441285456 -0.106304847 4.30459023 0.0282315519 0.952381551 0.303599149 -11.2894955 0.102582455 -0.304876804 0.946851075 -35.5852165 1.28164146e-10 -3.16912363e-09 1.76274506e-09 0.99999994
0.993169427 0.00496725086 -0.116575405 4.73373842 0.0315951481 0.950318754 0.309670717 -11.6123171 0.112321757 -0.311238676 0.943670809 -35.7790298 2.27821317e-10 1.97331929e-10 1.62327751e-09 1
0.99189043 0.00557555864 -0.12697345 5.17459774 0.0349743776 0.948493302 0.314860791 -11.905695 0.122188918 -0.316748083 0.940606475 -35.9765167 -2.23365326e-10 -2.13169216e-09 -6.57493615e-10 1
0.990491569 0.0060818377 -0.137439623 5.62447119 0.0384663194 0.946933031 0.319120973 -12.1656284 0.132086471 -0.321373254 0.937695146 -36.1719398 4.48757032e-10 1.93796001e-09 1.13888277e-09 0.99999994
0.988970518 0.00633154996 -0.147977591 6.08503532 0.0421853699 0.945663869 0.322397679 -12.3889456 0.141978279 -0.32508406 0.934966564 -36.363327 3.14923781e-10 8.37260539e-10 9.7598285e-10 0.99999994
0.987322569 0.00622797478 -0.158603624 6.55909824 0.0461869016 0.944718421 0.324613273 -12.5741339 0.151857883 -0.32782349 0.932454467 -36.5575867 -1.51162407e-08 -2.45258147e-09 -1.42377066e-09 1
0.985551119 0.00576231536 -0.169280276 7.0456934 0.0504208952 0.944131076 0.325690478 -12.7197571 0.161698774 -0.329519898 0.930199027 -36.7643318 1.39778091e-08 7.77430287e-10 -6.83579682e-09 1.00000012
0.98367703 0.00502315909 -0.179873109 7.53708363 0.0547178984 0.943923712 0.325598329 -12.8235064 0.171421722 -0.330125719 0.928241253 -36.9869881 1.49105777e-08 -7.33465466e-09 -2.58057486e-09 1.00000012
0.981742144 0.004178192 -0.190170527 8.02056122 0.0588136762 0.944102228 0.324363828 -12.8835602 0.180895165 -0.329626322 0.926619172 -37.2230263 -6.80675516e-09 -1.62455116e-09 3.43629214e-09 0.999999881
0.979795873 0.00341458456 -0.199970707 8.48440456 0.0624337532 0.944666326 0.32203722 -12.8999472 0.190005422 -0.328015417 0.925366819 -37.4716988 -2.0085178e-10 -2.05059236e-09 -1.2124084e-09 1.00000012
0.977873504 0.00287440699 -0.209177256 8.92345047 0.0653966442 0.945592523 0.318713278 -12.8758078 0.198712423 -0.325340748 0.924481869 -37.7363739 -7.08334902e-09 7.96939048e-09 2.59132094e-09 0.999999881
0.975982845 0.00263325591 -0.217831463 9.34008884 0.0676376745 0.946847022 0.31449306 -12.8138027 0.207081154 -0.321673542 0.923928261 -38.0193062 2.19558149e-10 -9.00838959e-09 1.18794219e-09 1
0.974108338 0.00271185208 -0.226065412 9.74116993 0.0691747963 0.948396564 0.309448898 -12.7135496 0.215238899 -0.317074805 0.923653722 -38.3160362 2.43878362e-10 1.30097899e-09 6.1245542e-10 0.99999994
0.97222501 0.00308504235 -0.234028041 10.1345997 0.070075646 0.950205564 0.303642452 -12.5740089 0.223311648 -0.311608285 0.923597217 -38.6175537 1.10151999e-09 -6.46489529e-10 4.54975613e-09 0.999999821
0.970309079 0.00367986597 -0.241840169 10.5278568 0.0704489946 0.952230632 0.297143281 -12.3965225 0.231381416 -0.30535835 0.923698485 -38.9183578 -7.26263849e-09 -3.24159166e-09 1.84016558e-09 0.99999994
0.968345344 0.00437171897 -0.249575809 10.9269142 0.0704441145 0.954418838 0.290038824 -12.1855516 0.239467859 -0.298438966 0.923899114 -39.219883 -4.52277327e-10 -4.43169723e-10 -1.13133436e-09 0.999999881
0.966336131 0.00499166269 -0.257234573 11.3337202 0.0702399015 0.956712604 0.282430768 -11.9470778 0.24750936 -0.290991008 0.924155295 -39.5262489 1.33127576e-09 -1.58377278e-09 4.47256454e-09 0.999999881
0.964311421 0.00536527392 -0.264716297 11.7438974 0.0699974895 0.959057152 0.274426013 -11.6867304 0.255350322 -0.283161879 0.924454331 -39.8384628 1.45115309e-09 4.0218735e-09 3.88536625e-09 0.999999881
0.962326109 0.00538273389 -0.271844655 12.1480408 0.0697986558 0.961408854 0.266122997 -11.4091702 0.262785971 -0.275071591 0.924813032 -40.1544914 7.6409572e-09 -3.19793925e-09 -3.0695535e-10 1
0.960438192 0.00505136279 -0.278447211 12.5365772 0.069610253 0.963744164 0.257587522 -11.1179543 0.269653231 -0.266779631 0.925265133 -40.4740639 -7.59672325e-09 -4.13793777e-10 1.06314268e-09 0.99999994
0.958690882 0.00448059198 -0.284414321 12.9031496 0.0693052858 0.966064334 0.248830184 -10.8147488 0.275877625 -0.258262664 0.925846756 -40.8006363 4.02328171e-10 7.56187779e-10 1.40770373e-09 1
0.957112134 0.00381422555 -0.289692461 13.2435207 0.068725042 0.968384266 0.239810273 -10.4981852 0.281448007 -0.249434471 0.926590323 -41.1373444 -6.97250258e-10 3.81177756e-10 -3.03213277e-09 1.00000012
0.955724359 0.0031652688 -0.294246018 13.5529537 0.0677437112 0.970716834 0.230476677 -10.1644192 0.28635928 -0.240205526 0.927523553 -41.4826813 2.34273156e-10 3.39603012e-10 1.48283186e-09 1
0.954549134 0.00258520409 -0.298042983 13.8269358 0.0663122684 0.973057806 0.220820203 -9.81052399 0.290583551 -0.230547607 0.928659916 -41.8327179 -3.36827788e-10 -6.61907196e-11 -1.29753719e-09 1
0.953602076 0.00207381905 -0.301062882 14.0644026 0.0644617826 0.975380182 0.210898474 -9.43798828 0.294088244 -0.220520243 0.929990947 -42.1876869 6.92014224e-09 -4.18233836e-10 -3.01134873e-09 1.00000012
0.952894211 0.001627055 -0.303298026 14.2679195 0.0622500367 0.977648139 0.200820491 -9.05243778 0.296845704 -0.21024099 0.931494236 -42.5536461 6.97507696e-09 1.66006819e-10 -2.73596701e-09 1.00000012
0.952429533 0.00128536473 -0.304755718 14.4400043 0.059700001 0.979829729 0.190708578 -8.65980339 0.298853993 -0.199830458 0.933142126 -42.9355812 -8.13162515e-09 2.30911207e-10 -4.69802086e-10 1
0.952199638 0.00112135545 -0.305473864 14.5809269 0.0568039976 0.981902182 0.180669636 -8.26352215 0.30014807 -0.189385772 0.934903264 -43.3306007 -1.89682714e-10 -3.82895049e-10 -5.23189936e-10 1
0.952183068 0.00116748922 -0.305525899 14.6908579 0.0535958186 0.983848214 0.170793161 -7.86587 0.30079034 -0.179001287 0.936740935 -43.7302971 2.92224911e-10 -8.99085251e-11 -1.12450493e-10 1
0.952355266 0.00136637629 -0.304987729 14.7723503 0.0502010174 0.985648572 0.161173329 -7.47145081 0.300831079 -0.168804973 0.938619018 -44.1295815 -9.09463793e-09 3.26457805e-10 -2.39872766e-09 1
0.952705622 0.00160895917 -0.303890616 14.8285713 0.0467924252 0.987284124 0.151923016 -7.08802319 0.300270587 -0.15895769 0.940515816 -44.530941 7.1048496e-09 1.60144453e-10 -3.18394533e-09 1.00000012
0.953234375 0.00181948824 -0.302226096 14.8599453 0.043489106 0.988749504 0.143119127 -6.72160006 0.299086392 -0.149569646 0.942431271 -44.9389153 -5.84780113e-10 4.96391039e-10 -3.06374304e-09 1.00000012
0.953959227 0.00198704214 -0.299929887 14.8607006 0.0403164811 0.990053773 0.134789973 -6.37407637 0.297214627 -0.140676245 0.944390774 -45.3531456 3.47121665e-10 -2.76414863e-10 1.75326687e-09 1
0.954901099 0.00212399801 -0.296916693 14.8223248 0.0372558087 0.991214812 0.126907527 -6.04356432 0.294577718 -0.132245988 0.946432769 -45.7691307 -7.429386e-10 -4.17667345e-10 -1.04746056e-09 1
0.956061661 0.00223223516 -0.293156713 14.7412205 0.0342923664 0.992254972 0.119391948 -5.72634363 0.291152537 -0.124199145 0.948580563 -46.185421 -7.22091631e-09 2.90469954e-10 7.25970173e-10 0.99999994
0.957413852 0.00232106354 -0.288709909 14.621706 0.0314094312 0.993195355 0.112144105 -5.41854477 0.287005484 -0.116436504 0.950826049 -46.6068916 4.30058322e-10 -2.96585645e-10 3.44724915e-10 0.99999994
0.958912492 0.00241437531 -0.283691823 14.4717588 0.0285860319 0.99405241 0.105084136 -5.11632442 0.282258302 -0.108876109 0.95314014 -47.0386505 -8.20261015e-09 1.56214597e-10 -1.24625821e-09 1
0.960520625 0.0025077723 -0.27819711 14.2963247 0.0258370098 0.994833887 0.0981743485 -4.81581545 0.277006507 -0.101486281 0.955493569 -47.4785576 1.2089203e-09 -2.53517957e-10 3.90365873e-09 0.99999994
0.962223768 0.0025533929 -0.272248328 14.0948839 0.0232247766 0.995541453 0.0914217681 -4.51458597 0.271268189 -0.0942911133 0.957874179 -47.9193993 3.87067267e-10 1.02715947e-10 1.60270908e-09 1
0.964019954 0.00252475939 -0.265818685 13.8650951 0.0207920074 0.996175408 0.0848663077 -4.21363878 0.265016228 -0.0873397142 0.96028024 -48.3581505 7.87452503e-09 -2.63056799e-11 -4.70418149e-10 1
0.965900064 0.00247574248 -0.258903563 13.6077223 0.0185033958 0.996737421 0.0785623714 -3.91735911 0.258253127 -0.0806740075 0.962702751 -48.7995758 -6.84809454e-09 5.35481659e-11 2.74439316e-09 0.99999994
0.967836916 0.00250237505 -0.251565933 13.3269453 0.0162812471 0.997231245 0.0725575164 -3.63086534 0.251051188 -0.0743196532 0.965116441 -49.2485542 4.4898707e-10 -3.37309902e-10 2.66304001e-09 0.999999881
0.969793856 0.00265713339 -0.243911505 13.0265541 0.0140856691 0.997662008 0.0668730959 -3.357234 0.243519068 -0.0682887658 0.967488885 -49.7020302 3.14813953e-10 -5.48626422e-11 4.42744952e-10 0.99999994
0.971742928 0.00291753444 -0.236023933 12.70751 0.0119400937 0.998035908 0.0614959113 -3.09673953 0.235739201 -0.0625763685 0.969799638 -50.1526108 3.97677946e-10 -1.07483439e-10 2.19106222e-09 1
0.97367233 0.00322555844 -0.227929801 12.3697634 0.00989216007 0.998360276 0.0563857481 -2.84784436 0.227737486 -0.0571559593 0.972043812 -50.5993881 9.50366452e-11 -7.82194587e-11 8.75185036e-10 1
0.975578547 0.00353694335 -0.219622567 12.0149755 0.00797261763 0.998641372 0.051497709 -2.60867143 0.219506413 -0.0519910306 0.974224865 -51.0507202 -5.35760047e-10 1.99713718e-10 -1.45667955e-09 1.00000012
0.977454245 0.00383128878 -0.211112246 11.6462374 0.00619455893 0.998884678 0.046808809 -2.37815666 0.211055756 -0.0470612124 0.976340711 -51.5137329 3.82840426e-11 1.14745713e-10 -4.79050133e-10 1.00000012
0.979284585 0.00408951147 -0.202446908 11.2658644 0.0045782025 0.999093294 0.0423280708 -2.15648937 0.202436209 -0.042378068 0.978378356 -51.9842949 -5.48019852e-10 9.45761247e-11 -2.13745555e-09 1.00000012
0.981052041 0.0042816652 -0.19369708 10.8748989 0.00315635605 0.999269903 0.0380755253 -1.94452834 0.193718031 -0.0379654542 0.980322361 -52.45084 -2.5698893e-10 1.48036611e-10 -1.17302967e-09 1.00000012
0.982741475 0.00438744714 -0.184932902 10.4752388 0.00194513472 0.999418318 0.0340472758 -1.74255431 0.184974432 -0.0338193923 0.982161343 -52.9070053 -2.32906583e-10 3.21978277e-11 -3.91546462e-10 1
0.984339952 0.00442336639 -0.176223889 10.0717468 0.000915048644 0.999543428 0.0302005876 -1.54936099 0.176277459 -0.0298889037 0.9838866 -53.3560982 7.66925412e-11 1.46479807e-11 1.1164516e-09 1
0.985838294 0.00443986803 -0.167641565 9.67152023 -3.25962901e-07 0.999649525 0.0264730901 -1.36275184 0.167700082 -0.0260981191 0.985492349 -53.8019333 8.12600387e-09 2.97575506e-12 3.44118622e-09 1
0.987232089 0.00448523788 -0.159224078 9.27924919 -0.000860679196 0.99973917 0.0228256378 -1.1813705 0.159284785 -0.0223971643 0.986978531 -54.2384529 2.15991974e-10 -1.0311127e-12 1.85094606e-09 1
0.98852247 0.00456403522 -0.151003748 8.89618301 -0.00166977686 0.999812722 0.0192880314 -1.00613272 0.15106383 -0.0188145135 0.988344729 -54.6514473 -7.3154971e-09 -4.3102466e-12 1.26704869e-10 1
0.989707768 0.00462870533 -0.14302817 8.52082253 -0.00236833352 0.999869704 0.0159698296 -0.839327216 0.143084347 -0.0154667227 0.989589691 -55.0323448 -7.52502061e-09 -6.69584943e-11 5.7593752e-10 1
0.990788519 0.00462191179 -0.135338485 8.15043926 -0.00288955821 0.999911368 0.0129938331 -0.681629956 0.135385782 -0.0124830771 0.990714371 -55.3881569 7.37570138e-09 5.49072281e-11 -9.06181685e-10 1
0.99177599 0.00453306641 -0.127905816 7.78180981 -0.00323052937 0.999940991 0.0103891538 -0.530775547 0.127945885 -0.00989050884 0.991731763 -55.736557 -1.11935461e-11 -5.84410575e-11 1.69022574e-10 1
0.992690563 0.00441148086 -0.120607056 7.41113567 -0.00346456189 0.999961317 0.00805985089 -0.384363353 0.120637104 -0.00758308778 0.992667794 -56.0917206 1.46387347e-08 8.55782875e-11 -2.27658004e-09 1.00000012
0.993551016 0.00432737218 -0.113302834 7.03545332 -0.00368554262 0.999976099 0.00587360468 -0.243399069 0.113324426 -0.00541814836 0.993543327 -56.4572525 1.45846411e-08 4.5594882e-11 -2.46915821e-09 1.00000012
0.99436456 0.00431623636 -0.105928004 6.65453529 -0.00393934734 0.999985218 0.00376696512 -0.111732543 0.10594207 -0.00332844863 0.994367003 -56.8319016 -1.36448186e-10 1.72497433e-12 -1.98245154e-09 1.00000012
0.995129347 0.00433907146 -0.0984811038 6.26974487 -0.00418631034 0.999989629 0.00175776577 0.00776964985 0.0984863043 -0.00133693602 0.995137572 -57.2163734 1.4578438e-08 1.30502123e-10 -3.75168474e-09 1.00000012
0.995846152 0.00428302214 -0.090950869 5.88008881 -0.00431138882 0.999990642 -0.000115410716 0.115510233 0.0909495428 0.000507059565 0.99585551 -57.6110725 -1.46590136e-08 -1.38668757e-10 3.74591291e-09 0.999999762
0.996517122 0.0040223957 -0.0832909718 5.48066235 -0.0041904375 0.999989748 -0.00184283115 0.214152455 0.0832824782 0.0021854348 0.996523857 -58.0103531 -1.44351531e-10 3.46200811e-11 -2.21190533e-09 1.00000012
0.997142375 0.00351621141 -0.0754640251 5.06621408 -0.00378738134 0.999986887 -0.00345056667 0.30681923 0.0754511133 0.00372651941 0.997142613 -58.4047203 -1.46851553e-08 -3.67965276e-11 1.52571833e-09 0.999999881
0.997716129 0.00286190794 -0.0674856082 4.63588476 -0.0032053045 0.999982476 -0.00498080114 0.39627105 0.0674701333 0.00518573355 0.997708082 -58.7900887 1.30520816e-10 4.05777634e-11 1.46493706e-09 1
0.998230815 0.00223950273 -0.0594126768 4.19346476 -0.00262800069 0.99997586 -0.0064615095 0.48424688 0.0593976937 0.00660621328 0.998212695 -59.1710739 -1.49622448e-08 3.73670261e-11 -7.95658872e-10 1
0.998682261 0.0017834733 -0.0512901098 3.74291515 -0.00219073822 0.999966502 -0.00788578019 0.570746481 0.0512731969 0.00798775069 0.998652875 -59.5541115 2.97874525e-08 9.08161463e-11 -1.64553671e-09 1.00000012
0.99906975 0.00150025717 -0.0430989452 3.28319931 -0.0018994807 0.999955773 -0.00922322553 0.654393852 0.0430837125 0.00929651316 0.999028206 -59.9387703 9.64675562e-12 -1.55025073e-11 6.50656418e-10 1
0.999395609 0.00130200235 -0.0347405747 2.80641103 -0.00166601152 0.999943912 -0.010450636 0.733681977 0.0347259007 0.0105021941 0.999341726 -60.3194847 -2.97522469e-08 1.28845216e-11 1.74234982e-09 0.999999881
0.999659598 0.00110333459 -0.026067568 2.30056691 -0.00140521838 0.999932349 -0.0115648191 0.807592034 0.0260538608 0.0115975151 0.999593377 -60.6943588 2.98055447e-08 3.37298314e-11 -4.17546664e-10 1
0.999855578 0.000880846288 -0.0169592854 1.75621629 -0.00109413755 0.999920666 -0.0125695495 0.875299037 0.0169520397 0.0125863012 0.999776721 -61.0679054 -5.95819003e-08 -3.47335945e-11 1.7311661e-09 0.999999881
0.999972343 0.000658199075 -0.00739845773 1.17262757 -0.000757827074 0.999909103 -0.0134640029 0.936136723 0.00739182997 0.0134692388 0.999882042 -61.4436035 -2.6556049e-12 -3.67128064e-11 -6.17252471e-10 0.999999881
0.999996662 0.000455228612 0.00251427479 0.55850625 -0.000419363991 0.999898374 -0.0142465699 0.990096688 -0.00252050441 0.0142454691 0.999895215 -61.8168907 -1.05190613e-11 1.17994364e-11 7.92481636e-11 1
0.999920309 0.000255709252 0.0126200821 -0.0733942017 -6.74284965e-05 0.999888778 -0.0149173178 1.03767598 -0.0126224915 0.0149160726 0.999809027 -62.1801605 -6.40752729e-12 -8.38855374e-12 -2.11908713e-10 1.00000012
0.99973923 1.83352913e-05 0.0228271112 -0.715896368 0.00033496035 0.999880373 -0.0154730938 1.0790329 -0.0228246618 0.015474583 0.999619603 -62.5328865 9.52821502e-12 -2.56533458e-11 -2.11312945e-09 1
0.999450624 -0.000288475771 0.0331483074 -1.37042129 0.00081604172 0.999873281 -0.015904421 1.11351061 -0.0331398323 0.0159227252 0.999324083 -62.8827667 -5.95930061e-08 6.14456264e-11 -2.34824293e-09 1.00000012
0.999046922 -0.000663557206 0.0436447412 -2.04263258 0.00137211371 0.999867976 -0.0162063111 1.14047587 -0.043628104 0.0162507445 0.998915792 -63.2354393 -2.96641112e-08 6.30839547e-11 -3.78890697e-09 1.00000012
0.998521447 -0.00107290386 0.0543471277 -2.73611331 0.00196636468 0.999863863 -0.0163888838 1.16032028 -0.0543222129 0.0164715219 0.998387337 -63.5863762 -9.27724009e-11 2.04200025e-11 1.85928606e-09 1
0.99786973 -0.00146073347 0.0652229264 -3.44936204 0.00254029082 0.999861181 -0.0164718684 1.17423141 -0.0651884452 0.0166024566 0.997734845 -63.9260178 -2.90482055e-10 5.29578603e-11 3.69846354e-09 0.999999762
0.997090995 -0.00176755618 0.0761987716 -4.17726469 0.00303120748 0.99985981 -0.0164709613 1.18313718 -0.0761585683 0.0166540183 0.996956527 -64.251152 1.47789496e-08 1.52075505e-11 1.3066167e-09 0.99999994
0.996188581 -0.00195797672 0.0872042701 -4.91478491 0.00340014533 0.999859869 -0.0163922999 1.18709219 -0.0871588662 0.0166263226 0.996055663 -64.5675049 1.47075481e-08 1.62196836e-11 2.19436247e-09 0.999999821
0.995164454 -0.00204273337 0.0982020795 -5.65982389 0.0036547333 0.999861419 -0.0162379649 1.18567741 -0.0981570408 0.0165183526 0.99503392 -64.8799896 1.47429438e-08 -5.05053326e-11 2.72758705e-09 0.999999821
0.994018793 -0.00206916593 0.109188512 -6.4131732 0.00384028303 0.999864459 -0.016012948 1.17891765 -0.109139837 0.0163364913 0.993892193 -65.1848984 1.48852832e-08 -1.46696023e-12 1.21831745e-09 0.99999994
0.99275136 -0.00208447524 0.120168187 -7.17590237 0.00400289521 0.999868333 -0.0157254674 1.1676774 -0.120119818 0.0160925016 0.992628813 -65.4742279 -1.88610697e-10 3.89592109e-11 1.34629863e-09 0.999999762
0.991362631 -0.00211027125 0.13113232 -7.94746351 0.00416304637 0.999873042 -0.0153820217 1.15307999 -0.131084263 0.01579508 0.991245449 -65.7465668 1.4830003e-08 -9.60460253e-11 2.02583816e-09 0.999999881
0.989855051 -0.002151347 0.142064482 -8.72653008 0.00432376843 0.999878526 -0.0149849113 1.13576472 -0.14201501 0.0154471528 0.989743888 -66.0090637 7.34001215e-09 -4.63301689e-11 7.91558763e-10 0.999999821
0.988231361 -0.00221817265 0.152950376 -9.51187992 0.00449406821 0.999884427 -0.0145358704 1.11591363 -0.152900696 0.0150521761 0.988126874 -66.2683487 -4.84554619e-10 4.89746403e-11 3.22755822e-09 0.999999821
0.986497045 -0.00233111414 0.163762361 -10.3009109 0.00469358684 0.999890387 -0.0140407383 1.09372318 -0.163711548 0.0146197807 0.986399889 -66.5224228 -1.33297817e-10 4.37913594e-14 9.218315e-11 1
0.984664202 -0.00250147143 0.174442425 -11.0885277 0.00493328832 0.999896646 -0.0135082947 1.06936789 -0.174390912 0.0141617134 0.984574676 -66.7649689 7.3771278e-09 -5.14832413e-11 4.08201584e-10 1
0.982750237 -0.00271369098 0.184918001 -11.8692541 0.00519680697 0.999902725 -0.0129448734 1.04249442 -0.184864789 0.0136825591 0.982668519 -66.9957199 -5.35914979e-10 6.87411239e-12 1.85546911e-09 0.99999994
0.980771124 -0.00292876642 0.195139155 -12.6400604 0.00544353947 0.999908924 -0.0123520261 1.01215196 -0.195085198 0.0131767569 0.98069787 -67.2219162 -7.3430968e-09 2.3540149e-11 -1.2340784e-09 0.99999994
0.978737891 -0.00310543203 0.205091536 -13.4000902 0.0056305849 0.999915183 -0.011729857 0.977399766 -0.205037504 0.0126352366 0.978672743 -67.4493637 2.20427926e-10 -5.82088371e-12 -4.74402517e-10 1
0.976658344 -0.00321806548 0.214775071 -14.1481304 0.00573176192 0.999922097 -0.0110820662 0.937962532 -0.214722946 0.0120544275 0.976600647 -67.6759949 -7.80148568e-09 6.8843117e-12 2.23316476e-10 1
0.974542439 -0.00325478497 0.224179894 -14.8817186 0.00573614053 0.999929428 -0.0104182428 0.894540071 -0.224129796 0.0114389462 0.974492252 -67.8966675 -7.27704119e-09 1.54059578e-12 -1.34238698e-09 1.00000012
0.97240293 -0.00320435152 0.233286381 -15.5991049 0.00563435443 0.9999367 -0.00975075364 0.848691344 -0.233240128 0.0107960729 0.972359478 -68.1120682 1.29485755e-10 -8.98477473e-13 -3.40491968e-10 1.00000012
0.970249295 -0.00305644679 0.242088348 -16.3016529 0.00541685708 0.999944031 -0.0090852119 0.801918447 -0.242047176 0.0101262806 0.970211565 -68.3292847 -2.04344888e-10 1.87563819e-11 1.08239862e-09 0.99999994
0.968085468 -0.00281975581 0.250604063 -16.9928303 0.00508932956 0.999951839 -0.00840883702 0.753984332 -0.250568271 0.00941588078 0.968053102 -68.5522079 -3.82331544e-09 6.89706191e-12 2.31908492e-10 1
0.9659127 -0.00253784447 0.258855522 -17.6742649 0.00468732044 0.999959409 -0.00768692326 0.701996386 -0.258825541 0.00863823202 0.96588558 -68.7746429 -5.27126787e-10 -7.66849084e-12 2.01220995e-09 0.999999821
0.963739276 -0.00228008488 0.266836047 -18.3433456 0.00426905695 0.999967277 -0.00687405793 0.641837776 -0.266811639 0.00776393758 0.96371758 -68.9867783 2.63948446e-10 3.65748707e-12 -7.74477482e-10 0.99999994
0.961585522 -0.00210217526 0.274497181 -18.9946251 0.00388099393 0.999974847 -0.00593734207 0.571227133 -0.274477839 0.00677458569 0.961569607 -69.1875534 -3.75901843e-09 2.07421545e-11 4.17427926e-10 0.99999994
0.959482789 -0.00199996168 0.281760484 -19.6222363 0.00351759791 0.999981999 -0.00488056475 0.491764396 -0.281745434 0.00567393843 0.959472418 -69.3871689 -3.39906148e-09 1.34872894e-11 -9.43155332e-10 1
0.957465529 -0.00190638029 0.288541257 -20.2202873 0.00312184379 0.999988139 -0.00375232752 0.408237934 -0.28853026 0.00449350476 0.957460284 -69.5960846 -3.88253785e-09 1.53383417e-11 9.19733845e-10 1.00000012
0.955565453 -0.00175148109 0.294773668 -20.7828674 0.00264268555 0.999993086 -0.00262503605 0.325903088 -0.29476738 0.00328738638 0.955563724 -69.8148499 5.4539484e-10 5.75354131e-12 -1.62161118e-09 1.00000012
0.953802347 -0.00152816402 0.300430685 -21.3063831 0.00209218473 0.999996781 -0.00155567459 0.247965366 -0.300427377 0.00211236277 0.953802407 -70.0370178 1.35845779e-10 8.58134657e-12 -8.62972138e-10 0.999999881
0.952181339 -0.00129116816 0.305531025 -21.7926941 0.00153561821 0.999998689 -0.000559752749 0.174946591 -0.305529982 0.00100216514 0.952182055 -70.2603836 -3.09723447e-09 5.21826636e-12 -1.54986513e-09 1.00000012
0.950696945 -0.00109746691 0.310119182 -22.248045 0.00102919969 0.999999642 0.000383750914 0.105668217 -0.310119569 -4.56556481e-05 0.950697601 -70.4912949 -3.80846643e-09 1.97292746e-12 -9.66148717e-10 0.99999994
0.949349284 -0.000957094133 0.314221352 -22.6762924 0.00057401252 0.999998987 0.00131166936 0.0381574854 -0.314222038 -0.0010648655 0.949348748 -70.7379227 1.49605328e-11 4.26779966e-12 1.94782912e-10 1.00000012
0.948158503 -0.000836646534 0.317797273 -23.0716953 0.000124956714 0.999997377 0.00225982303 -0.0300681144 -0.317798555 -0.00210295874 0.948156059 -71.0021591 -3.88178878e-10 4.23759725e-12 5.17092869e-10 1
0.947165966 -0.000697841984 0.320743233 -23.4202347 -0.000362905383 0.999994755 0.00324736419 -0.100996614 -0.320744008 -0.00319219194 0.947160661 -71.2810669 -3.78357168e-09 1.57221805e-12 5.83643134e-11 1.00000012
0.946412146 -0.000524600793 0.322960734 -23.7099304 -0.000900309125 0.999990523 0.00426262245 -0.174459055 -0.322959363 -0.00432496238 0.946402729 -71.5740433 -6.60770938e-10 -7.91637329e-12 1.12526144e-09 0.999999881
0.945910335 -0.000316634774 0.324427813 -23.9396172 -0.00147321424 0.999985039 0.00527130533 -0.248350531 -0.324424982 -0.00546413241 0.945895672 -71.8850021 3.27678351e-09 -4.3669725e-12 8.76454909e-10 0.99999994
0.945648074 -7.09356536e-05 0.325191885 -24.1158791 -0.00207371847 0.999978423 0.00624844152 -0.321281165 -0.325185388 -0.00658318168 0.945627332 -72.2165146 -6.08108119e-10 -4.97491848e-12 1.76513371e-09 0.99999994
0.945611715 0.000216162662 0.325297654 -24.2428265 -0.00270590978 0.999970496 0.0072013489 -0.394519269 -0.325286299 -0.00768990535 0.945584416 -72.5649338 -3.38961126e-09 6.59947791e-13 -6.49715393e-10 1
0.945806384 0.000524771865 0.324730963 -24.3171425 -0.00335690333 0.999961197 0.00816131383 -0.470912576 -0.324713886 -0.00880911294 0.945771277 -72.9249649 -7.21348203e-10 -6.76716495e-12 1.58813818e-09 0.99999994
0.946244597 0.000797327142 0.323451042 -24.3342991 -0.00397175457 0.999950349 0.00915428996 -0.552021265 -0.323427737 -0.00994686596 0.946200788 -73.2984467 4.03214684e-11 2.55279305e-12 -5.23630972e-10 1
0.946922779 0.000960908481 0.32145974 -24.2960205 -0.00446887361 0.99993825 0.010174931 -0.636262059 -0.321430236 -0.0110714333 0.946868479 -73.6944046 3.70163067e-10 -2.03901392e-11 -1.33661981e-09 0.99999994
0.947824299 0.000974371156 0.318791568 -24.2064438 -0.00479005883 0.999925971 0.0111854794 -0.719783366 -0.318756819 -0.0121288998 0.947759092 -74.119545 4.04782874e-11 5.12646349e-12 2.69381739e-10 1
0.948930204 0.000859025749 0.315484762 -24.0663185 -0.00494323112 0.999914169 0.0121458666 -0.799500823 -0.315447301 -0.0130850952 0.948852956 -74.5694199 1.47173579e-10 2.51243314e-11 -1.95211791e-10 1
0.950223982 0.000690454035 0.311566323 -23.8731632 -0.0050059855 0.999902248 0.0130515387 -0.875743449 -0.311527401 -0.0139615843 0.950134635 -75.0325623 2.64695177e-09 -1.35395263e-11 3.1456775e-09 0.999999762
0.951686442 0.000559123291 0.307071149 -23.6273174 -0.00508564478 0.99988991 0.0139409937 -0.952098668 -0.307029217 -0.0148291057 0.951584518 -75.5018768 3.32723626e-10 8.85651275e-12 -1.3513306e-09 0.99999994
0.953290403 0.000517161912 0.302054584 -23.3342648 -0.0052526556 0.999875844 0.0148655679 -1.03271616 -0.302009076 -0.0157577917 0.953175008 -75.9790344 2.0775201e-10 2.72709563e-11 -3.95279753e-10 1
0.95501256 0.000546976982 0.296564549 -22.9995308 -0.00549591985 0.999859095 0.0158541445 -1.11972499 -0.296513677 -0.0167708006 0.95488137 -76.4678192 1.14080856e-10 -1.71486037e-11 -4.87328788e-10 1.00000012
0.956843615 0.000591477728 0.290602684 -22.6232567 -0.0057513779 0.999840796 0.0169020612 -1.2126931 -0.290546387 -0.017843999 0.956694603 -76.967308 6.94369562e-11 8.92146079e-12 2.09153583e-10 1
0.958785057 0.000620281906 0.284131765 -22.201458 -0.00597484689 0.99982059 0.017979037 -1.30942953 -0.284070015 -0.0189356729 0.958616674 -77.4734497 3.96649291e-09 2.28206759e-11 -5.00548381e-10 1
0.960831046 0.000647114939 0.277134448 -21.7321854 -0.00616450887 0.999799848 0.0190379415 -1.40650165 -0.277066618 -0.0200006384 0.960642815 -77.9848709 -5.69266856e-14 2.36779225e-11 -8.69017747e-10 1.00000012
0.962954521 0.000680838188 0.269662946 -21.2192745 -0.0063143624 0.999779403 0.0200240854 -1.49936926 -0.269589812 -0.0209850315 0.96274662 -78.5031586 1.1150153e-10 5.12554235e-12 -7.63074937e-10 1
0.965114951 0.000696733419 0.261825413 -20.6700401 -0.00638908474 0.999761522 0.0208903551 -1.5830549 -0.261748433 -0.0218344219 0.964889109 -79.0273743 3.47292239e-09 1.87971964e-11 2.08117124e-09 0.999999881
0.967277527 0.000681836216 0.253719181 -20.0899525 -0.00637359079 0.999746144 0.0216119234 -1.65364099 -0.253640294 -0.0225218348 0.967036426 -79.5510864 3.64422892e-09 -1.32696354e-11 1.14992149e-09 0.99999994
0.969426692 0.000684957893 0.245380685 -19.4805088 -0.00632468704 0.999733806 0.0221963357 -1.71030712 -0.245299667 -0.0230696686 0.969172955 -80.0674057 5.41295342e-11 -2.63761166e-11 -6.59954758e-10 1
0.971558571 0.000789103738 0.236797884 -18.842247 -0.00634176238 0.999722421 0.0226881281 -1.75685954 -0.236714482 -0.0235445667 0.971293807 -80.575943 -1.21021859e-10 3.13190446e-12 1.83528748e-11 1
0.973669291 0.00103825459 0.227962852 -18.1785545 -0.00648762239 0.999710858 0.0231565908 -1.80068529 -0.227873668 -0.0240258016 0.973394394 -81.0825577 3.64345443e-09 4.55787005e-11 6.58740618e-10 0.99999994
0.975744784 0.00141195429 0.218906567 -17.4954796 -0.00675382093 0.999697506 0.023656141 -1.84823799 -0.218806431 -0.0245608035 0.975459099 -81.5902786 -3.83010246e-09 -6.90108942e-11 3.56187968e-10 0.99999994
0.977766395 0.0018621874 0.209688768 -16.7983856 -0.00708982674 0.999682426 0.0241815671 -1.90005577 -0.209577739 -0.025130583 0.977469027 -82.0943146 3.60991015e-09 -1.25606331e-11 1.75713621e-09 0.99999994
0.979720175 0.00234352564 0.200356886 -16.0887756 -0.00743468152 0.999668241 0.0246618129 -1.95019007 -0.200232059 -0.0256512668 0.979412675 -82.5889206 -3.72038533e-09 1.92749983e-11 -3.38006956e-10 1
0.981601119 0.00280544208 0.190921813 -15.364357 -0.00772039779 0.999657571 0.025004318 -1.99072635 -0.190785736 -0.0260182619 0.981286883 -83.0776443 -7.68406849e-09 -1.27908795e-12 7.26583127e-10 1.00000012
0.983408153 0.003181173 0.18137899 -14.6222467 -0.00787301641 0.999652803 0.0251535214 -2.01688457 -0.18123588 -0.0261641797 0.983091593 -83.5717697 -1.06053194e-10 3.56432245e-11 5.5873417e-10 1
0.985135138 0.00340311951 0.171746597 -13.8624392 -0.00783338025 0.999653697 0.0251243208 -2.02918625 -0.171601236 -0.0260962136 0.984820902 -84.07621 -9.33945143e-11 -2.84442608e-12 7.05854264e-11 1
0.986772656 0.00343821361 0.162072405 -13.0886164 -0.0075884359 0.999658704 0.0249952525 -2.03292251 -0.161930844 -0.0258945171 0.986462235 -84.5811157 -6.18222834e-11 -5.85592339e-13 4.1308057e-10 0.99999994
0.988310814 0.00331497053 0.152415603 -12.3071375 -0.00718700979 0.999665082 0.0248605628 -2.03517294 -0.152281612 -0.0256653782 0.988003969 -85.071785 -7.29556371e-09 -6.53011117e-11 -1.78958492e-09 1
0.989742458 0.0031078055 0.142828852 -11.5250196 -0.0067133652 0.999670684 0.0247689858 -2.04000592 -0.142704815 -0.0254737847 0.989437282 -85.5447159 -2.45410414e-10 2.56252727e-11 2.15400853e-09 0.999999881
0.991063774 0.00287849386 0.133356377 -10.7482538 -0.00622710725 0.999675751 0.0246998128 -2.04551244 -0.133242086 -0.025309518 0.990760326 -86.0099716 7.38394323e-09 -1.3210627e-11 1.27098421e-09 0.99999994
0.992274106 0.00263709365 0.124037586 -9.98091507 -0.00573106855 0.999681056 0.0245938618 -2.04581332 -0.123933531 -0.0251147188 0.991972804 -86.4759979 -7.41783435e-09 4.09746889e-12 -1.31997635e-10 1.00000012
0.993372798 0.00236906693 0.114911944 -9.22556877 -0.00520709343 0.999688804 0.0244034249 -2.03612757 -0.114818417 -0.0248400588 0.993075848 -86.9381256 1.14348253e-11 3.2754334e-11 -2.41234588e-10 1
0.994360805 0.00207652757 0.106028959 -8.48505974 -0.0046595037 0.999698281 0.0241190512 -2.01616025 -0.105946891 -0.0244770814 0.99407047 -87.3843307 -1.57213187e-10 -6.67198519e-11 1.44574397e-09 0.999999881
0.995238185 0.00176826469 0.097455956 -7.76458311 -0.00410291739 0.999709189 0.0237607714 -1.98918545 -0.0973858088 -0.024047479 0.994956136 -87.8096008 -7.67846342e-11 4.89874252e-11 6.65927313e-10 0.99999994
0.996007204 0.00143448182 0.0892637074 -7.07095242 -0.00353238848 0.99972111 0.0233491883 -1.95826995 -0.089202866 -0.0235712677 0.995734572 -88.220993 -1.49120432e-08 -2.94390068e-11 -2.57109001e-10 1.00000012
0.99667412 0.00106767647 0.0814839974 -6.40758371 -0.00294201379 0.999733806 0.0228861086 -1.92361927 -0.0814375654 -0.0230497103 0.996411741 -88.6284332 -8.52295318e-12 -7.88075508e-11 8.76932416e-11 0.999999881
0.997251213 0.000695561524 0.0740892068 -5.77119589 -0.00235861423 0.999747217 0.0223614108 -1.88346505 -0.0740541145 -0.0224746894 0.997000992 -89.0346451 9.67431968e-11 -9.23863069e-12 -4.72121675e-10 1
0.997750998 0.000362890511 0.0670300648 -5.1557169 -0.00182605651 0.999761403 0.0217690058 -1.8365767 -0.0670054182 -0.0218424462 0.997513592 -89.4351578 -1.4935253e-08 2.20765767e-12 -6.06238504e-10 1
0.998180807 8.9963738e-05 0.0602930821 -4.55944109 -0.00136495673 0.999776244 0.021105893 -1.78293538 -0.060278222 -0.0211497881 0.997957706 -89.8274307 9.73598702e-11 1.66724204e-11 -1.56172408e-09 1.00000012
0.998545766 -0.000131681431 0.0539088361 -3.98677659 -0.000967354339 0.999792397 0.020359274 -1.72238028 -0.0539025627 -0.0203818176 0.998338282 -90.2144775 2.9856345e-08 2.76550605e-11 -6.12992435e-11 1
0.998850822 -0.000311895652 0.0479244106 -3.44483924 -0.000623841654 0.999809623 0.0195089877 -1.65407693 -0.0479223877 -0.0195164643 0.998660564 -90.5984192 1.72834663e-11 -2.58931106e-11 -4.31766178e-10 0.99999994
0.999100387 -0.000441359443 0.0424008928 -2.9419682 -0.000345432083 0.999828041 0.0185476504 -1.57768035 -0.042403955 -0.018545622 0.998928249 -90.9749222 -6.67956662e-11 -1.49373222e-11 2.29347763e-09 0.999999881
0.999298871 -0.000491517421 0.0374375843 -2.48962975 -0.000163504912 0.999847233 0.0174911171 -1.49391735 -0.0374364741 -0.017484976 0.999146163 -91.3382339 9.1591873e-11 7.66848564e-12 -1.47335744e-09 1
0.999449968 -0.00043036844 0.0331637785 -2.10165048 -0.000112503243 0.999866068 0.0163660999 -1.40348685 -0.0331644006 -0.0163608287 0.999316156 -91.6901627 1.87426533e-11 3.11190414e-11 -7.5654405e-10 1
0.999559402 -0.000246218522 0.0296848677 -1.78844106 -0.000204734097 0.999884605 0.0151907951 -1.30601239 -0.0296828896 -0.0151901748 0.999443948 -92.0402908 -2.98181757e-11 1.8608344e-12 8.36684388e-10 1
0.999635637 3.27705275e-05 0.0269914791 -1.54779351 -0.000409859524 0.999902606 0.0139626218 -1.20020461 -0.0269887354 -0.0139685962 0.999538362 -92.3953247 5.96329954e-08 -4.03845533e-12 7.19828697e-10 0.999999881
0.999688208 0.000336053199 0.024964897 -1.36643505 -0.00065227173 0.999919772 0.0126590859 -1.08464158 -0.0249693915 -0.0126714231 0.999608219 -92.752243 5.96046306e-08 -1.47762011e-11 1.33865585e-09 1
0.99972403 0.000577460043 0.0234827977 -1.23241293 -0.000841827947 0.999936342 0.0112529807 -0.958232641 -0.023468215 -0.0112696467 0.999660909 -93.1040878 -5.95967578e-08 -4.30128155e-13 -1.27208999e-09 1
0.999747634 0.000705753104 0.0224545579 -1.13933051 -0.000924367574 0.999952257 0.00972789619 -0.819837928 -0.0224418771 -0.00974619295 0.999700725 -93.4501495 -2.14248393e-11 -9.7174031e-12 1.55284141e-09 0.99999994
0.99976182 0.000739610987 0.0218135584 -1.08338451 -0.000915901852 0.999967039 0.0080744829 -0.66730696 -0.0218069106 -0.00809254497 0.999729335 -93.7973022 -5.31673039e-11 8.37332981e-12 2.25882935e-09 0.999999821
0.999768496 0.000749328057 0.0215018354 -1.0593152 -0.000884526293 0.999980032 0.00627879472 -0.497805119 -0.0214984678 -0.00629635807 0.999748945 -94.1514664 1.18579244e-11 -8.25240744e-12 -8.08892064e-10 1.00000012
0.999769032 0.000804159266 0.0214725975 -1.06081319 -0.000897385937 0.999990225 0.00433035102 -0.310434759 -0.0214741733 -0.00434861425 0.99976027 -94.5105515 5.96027689e-08 1.89827182e-11 5.49592039e-10 1
0.999764323 0.000935042335 0.0216876026 -1.08247328 -0.000983976643 0.999997079 0.00224580034 -0.108578883 -0.02169252 -0.00226661353 0.999762118 -94.868576 2.70422417e-11 -1.22331112e-11 -5.59915059e-10 1.00000012
0.999755442 0.00113597477 0.0220945124 -1.11926591 -0.00113790028 0.999999404 7.42378834e-05 0.101382375 -0.0220791101 -9.93575522e-05 0.999756038 -95.2257996 5.96195733e-08 -7.31704541e-12 -1.38380307e-10 1.00000012
0.999743283 0.00138691009 0.0226128474 -1.165344 -0.00133908726 0.999996841 -0.00212995242 0.314301997 -0.0226181541 0.00209912937 0.999741971 -95.5901947 -5.95711427e-08 2.79394147e-11 -1.51519752e-09 1.00000012
0.999730647 0.00166543305 0.0231450871 -1.21417415 -0.00156536698 0.999989629 -0.0043406561 0.529194474 -0.0231548585 0.00430322438 0.999722719 -95.9671326 0 1.64090463e-10 1.86486737e-09 1
0.999719799 0.001942156 0.0235867016 -1.2575798 -0.00178772211 0.999976933 -0.00656530913 0.748001814 -0.0236045662 0.00652131904 0.999700367 -96.3497543 0 -1.76830106e-10 -1.05148368e-09 1.00000012
0.999713957 0.0021852036 0.0238168929 -1.28315997 -0.00197555125 0.999959171 -0.00881798379 0.971748888 -0.0238423217 0.00876839552 0.999677241 -96.7238007 5.96046448e-08 9.22972254e-11 6.15526408e-10 0.999999702
0.999716282 0.00238294271 0.0236944072 -1.27469301 -0.00212039798 0.999936163 -0.0110984938 1.19902432 -0.0237310566 0.0110450797 0.999657393 -97.0828476 0 -1.49418047e-11 1.54671431e-09 0.99999994
0.999730349 0.00256144977 0.0230862517 -1.21767199 -0.00225219876 0.999907672 -0.0134089924 1.42921352 -0.0231208764 0.0133566521 0.999643385 -97.4338608 0 1.88146938e-08 1.74226411e-10 1
0.999756336 0.0027737387 0.0219112914 -1.10461032 -0.00242841989 0.999872506 -0.0157825705 1.66621101 -0.0219302494 0.0157241188 0.999635577 -97.7872543 -5.96046448e-08 1.71609091e-08 -6.94170055e-10 0.999999881
0.999792397 0.00306790811 0.0201502535 -0.934125781 -0.00269959867 0.999829292 -0.0182810966 1.91748822 -0.0202002563 0.0182265472 0.999629915 -98.1445618 0 1.33069403e-10 1.89265004e-09 0.999999881
0.999835312 0.00346224639 0.0178091675 -0.705694973 -0.00308838487 0.99977529 -0.0209694598 2.19023705 -0.017884722 0.0209115315 0.999621391 -98.4991608 5.96046448e-08 1.21224891e-10 8.90636898e-10 1
0.999881208 0.0039439532 0.0148854367 -0.417433649 -0.00358729064 0.999707937 -0.0239012018 2.48963046 -0.0149815148 0.0238478743 0.99960345 -98.8465729 -5.96046448e-08 5.00518273e-11 1.86908999e-09 1
0.999925375 0.00447906973 0.0113725523 -0.0686191246 -0.00416944176 0.999623835 -0.0271141622 2.81896043 -0.0114858579 0.027063068 0.999567628 -99.189476 0 7.60543364e-11 1.49008339e-09 0.99999994
0.999961138 0.00501334155 0.00726735173 0.339839488 -0.00478874892 0.999519765 -0.0306148957 3.17842603 -0.00741373422 0.0305796955 0.999504983 -99.532547 5.96046448e-08 1.61371236e-10 1.16787024e-09 0.99999994
0.999981761 0.00546971289 0.00258868816 0.805902421 -0.00537823141 0.999394774 -0.0343694277 3.56416655 -0.00275503332 0.0343560018 0.99940598 -99.8746338 -5.96046448e-08 -7.59103946e-10 1.15923438e-09 0.99999994
0.999979794 0.0057724826 -0.00266502099 1.33181596 -0.00587044656 0.999248266 -0.0383242778 3.97050595 0.00244595692 0.0383389518 0.999261796 -100.209076 5.96046448e-08 2.15881357e-08 5.5807664e-10 0.999999821
0.999946296 0.00589466933 -0.00853371527 1.92427206 -0.00625213981 0.999079168 -0.0424510464 4.39473915 0.00827481318 0.0425024927 0.9990623 -100.530884 1.78813934e-07 2.31112396e-09 7.69959652e-10 1.00000012
0.999869347 0.00588255562 -0.0150293624 2.58541012 -0.0065805465 0.998883724 -0.0467741787 4.8402133 0.0147526795 0.0468657911 0.998792827 -100.840279 -5.96046448e-08 -1.29193684e-10 -2.20771024e-09 1.00000012
0.999738216 0.00583135569 -0.0221191496 3.31104994 -0.00696153939 0.998656392 -0.0513510406 5.31444454 0.0217940919 0.0514929146 0.998436034 -101.138519 -5.96046448e-08 -1.32964475e-08 2.80267143e-10 0.99999994
0.999539912 0.00583324907 -0.0297657326 4.09680939 -0.00750070065 0.998389542 -0.0562332831 5.82474899 0.0293831043 0.0564307682 0.9979738 -101.422592 0 8.24014545e-09 9.76009495e-10 0.99999994
0.999262452 0.00593361352 -0.037949618 4.94177437 -0.00825965405 0.998076022 -0.0614502802 6.37537956 0.0375018567 0.0617171563 0.99738884 -101.688217 5.96046448e-08 8.99801655e-09 1.83422344e-09 1.0000006
0.998892367 0.00612411648 -0.0466452539 5.84519577 -0.0092465505 0.997709632 -0.067008689 6.96657515 0.0461364239 0.0673653558 0.996661603 -101.935989 1.1920929e-07 1.17027446e-08 -2.44438847e-09 1.00000024
0.99842155 0.00637458498 -0.0558042489 6.80320406 -0.0104406178 0.997285843 -0.0728823692 7.5940094 0.0551846698 0.0733515546 0.995777547 -102.172447 -5.96046448e-08 -2.7699758e-09 -1.78926807e-09 1.00000024
0.997837365 0.00666838791 -0.0653778017 7.81079483 -0.0118390918 0.996803939 -0.0790037438 8.24937725 0.0646573901 0.0796072036 0.994728267 -102.402512 5.96046448e-08 -3.19879567e-09 8.10653988e-10 0.999999702
0.997133553 0.0070030503 -0.075337261 8.86463737 -0.0134404972 0.996265888 -0.0852860808 8.92379093 0.0744578987 0.0860545114 0.993503928 -102.622536 0 3.13735549e-09 1.34044802e-08 0.999999762
0.996297419 0.00736611802 -0.0856522918 9.96116161 -0.0152425319 0.99567318 -0.0916650891 9.61198139 0.0846127719 0.0926310271 0.99209851 -102.82431 0 1.7772116e-09 2.07428164e-09 0.999999702
0.995326459 0.0077263671 -0.0962511748 11.0924158 -0.0172134265 0.995025396 -0.098123461 10.313756 0.0950205699 0.0993217826 0.990509808 -103.003281 0 1.15745191e-10 -2.19676677e-09 0.999999642
0.994224608 0.00805715285 -0.107019328 12.2460899 -0.0193265304 0.994316995 -0.104690485 11.0328369 0.105565138 0.106154099 0.988730073 -103.161102 0 -7.09079129e-10 -4.06832346e-09 0.999999285
0.992996037 0.00836743694 -0.117847241 13.4107113 -0.0215971097 0.993537009 -0.111433126 11.7755127 0.116155997 0.11319799 0.986759722 -103.301231 0 -7.48782591e-10 6.31250252e-09 0.99999994
0.991648674 0.00871316623 -0.128676906 14.5805216 -0.0240897909 0.99266988 -0.11843358 12.549099 0.126698598 0.120543964 0.984589636 -103.419983 5.96046448e-08 -3.45317774e-10 -1.70823888e-09 1.00000083
0.990178764 0.00917496067 -0.139507517 15.756278 -0.0269068629 0.991696298 -0.125755847 13.3598385 0.137194127 0.128274769 0.982203841 -103.50782 5.96046448e-08 -1.41443124e-09 -2.65001603e-08 1.00000167
0.988582492 0.00980326161 -0.150365099 16.9421368 -0.0301157162 0.990602195 -0.133417428 14.2104206 0.147640258 0.136422455 0.97958672 -103.557671 1.1920929e-07 -2.88179258e-10 -1.22144304e-08 1.00000119
0.986855567 0.010554187 -0.161267459 18.14118 -0.0336859375 0.989380181 -0.141393632 15.0992432 0.158054367 0.144967586 0.976730466 -103.570297 0 4.42661907e-10 -1.87386817e-09 0.999997735
0.984994948 0.0112887677 -0.17220141 19.3517838 -0.0374892876 0.988026738 -0.1496595 16.0234432 0.168461472 0.153869405 0.97362411 -103.549232 0 2.1376374e-09 1.9687322e-08 0.999999344
0.983018577 0.0118594812 -0.1831249 20.5679417 -0.0413786098 0.986534178 -0.158234522 16.9840527 0.178779945 0.163124576 0.970274031 -103.497261 0 7.22694127e-10 -8.56322924e-09 1.00000131
0.980929494 0.0122090802 -0.193969861 21.7817612 -0.0453074947 0.984894216 -0.167125493 17.9818935 0.189009026 0.17272678 0.966664433 -103.4123 -1.1920929e-07 8.74714523e-10 9.94383598e-09 0.999998689
0.978753448 0.012384071 -0.204666406 22.9880562 -0.0493072793 0.983098626 -0.176310509 19.0171108 0.199024171 0.182656422 0.962822795 -103.299225 0 5.17025756e-10 6.35278496e-11 0.999999583
0.976504087 0.0124736018 -0.215136006 24.1826744 -0.0534512661 0.981146574 -0.185726881 20.0865574 0.208765239 0.192862689 0.958758891 -103.164421 0 9.81820847e-10 1.59055347e-08 0.999999166
0.974211633 0.0125322305 -0.225303367 25.3604374 -0.0577530004 0.979045987 -0.195277974 21.1819153 0.218120739 0.203253686 0.954517782 -103.01767 1.1920929e-07 -1.69063874e-09 -6.47669829e-09 1.00000131
0.97189039 0.0125503121 -0.235093206 26.5121651 -0.0621650405 0.97681874 -0.204842687 22.2892437 0.227078184 0.213699326 0.950143933 -102.863899 0 3.9362833e-09 1.69327929e-08 0.999998569
0.969581425 0.0124945426 -0.244441226 27.6264248 -0.0665885806 0.974494159 -0.214306325 23.3933697 0.235537365 0.224064976 0.945684016 -102.703949 5.96046448e-08 -5.67762015e-09 -1.32158107e-09 0.999999106
0.967307448 0.012378131 -0.253300965 28.692646 -0.0709926412 0.972092092 -0.223600551 24.4844379 0.243467912 0.234273061 0.941190362 -102.538261 -5.96046448e-08 1.15898402e-09 8.42268832e-09 0.999999881
0.965091705 0.0122711528 -0.261627674 29.7012272 -0.0754152015 0.969616175 -0.232715935 25.5604477 0.250819474 0.244323105 0.93669498 -102.366753 5.96046448e-08 -5.8217573e-09 -9.36999811e-09 1.0000006
0.962958395 0.0122172544 -0.269371599 30.6437721 -0.0798734054 0.967065275 -0.241672203 26.6234818 0.257549047 0.254235446 0.93221879 -102.190071 -1.1920929e-07 1.8719426e-09 2.02305017e-08 1.00000036
0.960938036 0.0121503808 -0.276502371 31.5170441 -0.0842656642 0.96444875 -0.250474989 27.673975 0.263624102 0.263990581 0.927797318 -102.011986 5.96046448e-08 4.97717423e-10 -1.21775656e-08 0.99999994
0.959039271 0.011935425 -0.283029735 32.3262405 -0.0884311199 0.961794913 -0.259095043 28.7085342 0.269115716 0.273510754 0.923453391 -101.837181 -5.96046448e-08 1.70018133e-09 2.61507598e-08 0.999999642
0.957261801 0.0114845913 -0.28899765 33.0826874 -0.0922636539 0.959131122 -0.267496884 29.7238388 0.274111509 0.282728553 0.919199944 -101.672112 0 -2.8392293e-09 -7.30426564e-09 1.0000031
0.955605388 0.0108305942 -0.294443339 33.7949486 -0.0957732201 0.956478059 -0.275641292 30.7167683 0.278649956 0.291603148 0.915055275 -101.52459 0 3.41433726e-09 -4.11077394e-09 1.00000024
0.954087317 0.010087098 -0.29936412 34.4608879 -0.0990131125 0.95386982 -0.283422947 31.6756725 0.282690555 0.300051421 0.911073446 -101.401825 0 -1.32237066e-09 4.56901006e-09 0.999996781
0.952715695 0.00936108455 -0.303718984 35.0684166 -0.101992212 0.951390445 -0.290608913 32.5724144 0.286234856 0.307845235 0.907356679 -101.308456 5.96046448e-08 6.57263399e-09 3.22203562e-08 0.999999523
0.951521635 0.0086840922 -0.307453066 35.6039886 -0.104594544 0.949166119 -0.29689008 33.3702011 0.289251328 0.314655662 0.904058516 -101.252197 -5.96046448e-08 1.03466533e-08 -1.35359102e-09 0.999996126
0.950542688 0.00802642293 -0.310489178 36.0580292 -0.106644318 0.947325706 -0.30199486 34.0396729 0.291711271 0.32017076 0.90133059 -101.248619 -5.96046448e-08 1.04913056e-09 1.38336134e-08 0.999998868
0.949818373 0.00736926543 -0.312704802 36.4221039 -0.108004943 0.945964336 -0.305755049 34.5657845 0.293563366 0.324186504 0.899292231 -101.320595 -5.96046448e-08 -7.5687332e-09 1.49420458e-08 1.00000036
0.949415863 0.00677045388 -0.313946068 36.6833038 -0.108618848 0.945134938 -0.308094501 34.9414787 0.294637203 0.326609939 0.898061693 -101.491791 -1.1920929e-07 -1.38434597e-09 2.42897062e-08 1.00000083
0.9493801 0.00636235625 -0.314070374 36.8230057 -0.108544171 0.944855928 -0.308973581 35.1580315 0.294780552 0.327424437 0.89771682 -101.77211 0 -9.4680308e-09 -1.2709334e-08 1.00000167
0.949721575 0.00627591182 -0.313032627 36.8289032 -0.107888386 0.945125818 -0.308379412 35.2067261 0.293919981 0.326646298 0.89828217 -102.158371 -5.96046448e-08 -7.50568852e-09 -1.84953208e-08 0.999999642
0.950401485 0.00655069435 -0.310958922 36.7101288 -0.106763631 0.945902169 -0.306382537 35.0908966 0.292127967 0.324385703 0.899688303 -102.639076 0 -3.53157681e-09 -4.72013006e-09 1.00000048
0.951346755 0.00713912258 -0.308040708 36.4876442 -0.105246559 0.947131634 -0.303092182 34.8225555 0.289589852 0.320765853 0.901802957 -103.200775 1.1920929e-07 -2.69328559e-09 -2.93145099e-08 1.00000203
0.952502191 0.00795003772 -0.304426998 36.1789398 -0.103374422 0.948743105 -0.29866448 34.4201965 0.286449641 0.315948606 0.904500902 -103.830406 0 -4.4385029e-09 -1.49276591e-09 1.00000179
0.953837097 0.00887959823 -0.300193399 35.7926903 -0.101170361 0.950639725 -0.293340206 33.910347 0.282770932 0.310169488 0.907654047 -104.510666 0 2.49383536e-09 1.52480837e-08 1.0000006
0.9553352 0.00979096163 -0.29536882 35.33321 -0.098628886 0.952710152 -0.287428886 33.3270607 0.278580278 0.303722829 0.911122501 -105.223785 0 2.36925102e-09 -1.64722458e-10 1.00000155
0.956977069 0.010508623 -0.289968073 34.8051987 -0.0957027972 0.954854369 -0.281238616 32.7066612 0.273926079 0.296889126 0.914783359 -105.961304 0 2.85726731e-09 -1.83489295e-08 1.00000238
0.958761454 0.0108715435 -0.28400898 34.2136002 -0.0923087671 0.957005858 -0.274988592 32.0772095 0.268804193 0.28986463 0.91854167 -106.722824 5.96046448e-08 -2.03722417e-09 -3.65195163e-09 0.999999583
0.960657418 0.0108109312 -0.277534574 33.5632782 -0.0884422809 0.959132135 -0.26878047 31.4516258 0.263277948 0.282752216 0.922354221 -107.508545 0 -3.04533287e-10 -7.91605714e-09 1.00000155
0.962638497 0.0103931064 -0.270596027 32.8561172 -0.0841949061 0.961222172 -0.262608796 30.8272762 0.257368058 0.275578886 0.92618221 -108.30854 0 5.55822721e-09 -2.78844716e-08 1.00000238
0.964680314 0.00978244469 -0.263240844 32.0916634 -0.0797404498 0.963270128 -0.256422222 30.1955814 0.251063794 0.26835683 0.93002826 -109.112877 -5.96046448e-08 -2.34863684e-09 5.27549204e-09 1.00000131
0.966765702 0.00917500257 -0.255482852 31.267231 -0.0752715096 0.965276301 -0.250152946 29.5487309 0.244332314 0.261069417 0.933891237 -109.916702 5.96046448e-08 -2.22091501e-09 -8.50864268e-09 1.00000167
0.96889472 0.00873644929 -0.247316062 30.3813839 -0.0709395856 0.967241585 -0.243743882 28.8823223 0.237088054 0.253707588 0.9377774 -110.722878 5.96046448e-08 -2.29735697e-09 -1.8912278e-08 1.00000143
0.971040547 0.00859870575 -0.238749504 29.4361858 -0.0668917447 0.969168305 -0.237147525 28.1918602 0.22935909 0.246250004 0.941676915 -111.531487 -5.96046448e-08 3.93717237e-09 4.07672829e-09 0.999999046
0.973184764 0.00886106491 -0.229860753 28.440834 -0.0632426441 0.97105521 -0.230330527 27.4713383 0.221159473 0.238691047 0.945575774 -112.335716 0 -3.56302321e-09 -1.55017883e-08 1.00000095
0.975273788 0.00957629364 -0.220797449 27.4131603 -0.0601024702 0.972898841 -0.223283172 26.7163448 0.212670743 0.231033087 0.949415743 -113.122276 -5.96046448e-08 -4.33639613e-09 -1.49765036e-08 1.00000024
0.977269113 0.0107254563 -0.211733222 26.3776112 -0.0575083569 0.974684238 -0.21606192 25.932354 0.204053804 0.223327413 0.953144073 -113.885941 -5.96046448e-08 -3.91253474e-09 4.49188065e-09 0.999999821
0.979142427 0.0122198127 -0.202793822 25.3557606 -0.0554270744 0.976393104 -0.208768845 25.1330509 0.19546701 0.215655506 0.956705511 -114.629776 0 4.397533e-09 1.41983119e-08 0.999998391
0.980895698 0.0138987321 -0.194047406 24.3602734 -0.0537129194 0.978019834 -0.201474279 24.3282604 0.186971813 0.20804818 0.960078418 -115.359901 0 -1.2960204e-09 1.50565818e-08 0.999997854
0.982512534 0.0155198006 -0.185531646 23.3955555 -0.0521383807 0.979585946 -0.194146514 23.5129681 0.178747162 0.200425461 0.963266373 -116.076523 -5.96046448e-08 2.92739211e-09 1.53602855e-08 0.999999881
0.984019935 0.0168043543 -0.177272543 22.4623508 -0.0503842831 0.981127381 -0.186682314 22.6721706 0.170780942 0.19263117 0.966293216 -116.777252 0 5.27237365e-10 7.46745243e-09 0.999998748
0.985412776 0.017541714 -0.169264495 21.5586987 -0.0482383594 0.982669294 -0.178981513 21.7935009 0.163201287 0.18453604 0.969183922 -117.465782 0 -3.67626907e-09 -5.60727642e-09 1.00000167
0.986724734 0.0176660083 -0.161431 20.6756172 -0.0455902517 0.984224319 -0.170950666 20.8688393 0.155871019 0.176041096 0.971965611 -118.154938 -1.1920929e-07 2.47676946e-09 9.19041465e-09 0.999999702
0.987967551 0.0172493476 -0.153694689 19.8033867 -0.0425001793 0.985783219 -0.162559226 19.8979607 0.14870739 0.167134881 0.974652827 -118.853821 0 -3.39222694e-09 4.47892212e-09 0.999999881
0.989143491 0.016471792 -0.146015406 18.9344883 -0.0391545184 0.987317801 -0.153852582 18.8865967 0.141639978 0.15789938 0.977247894 -119.556862 5.96046448e-08 -1.74328108e-09 2.55162202e-09 1.0000031
0.990258038 0.0156002389 -0.13836503 18.0614109 -0.0358267315 0.988794386 -0.144921631 17.8431911 0.134555921 0.148467109 0.979722261 -120.245491 5.96046448e-08 7.52576224e-10 -1.37059928e-08 1.00000119
0.991309762 0.0149445441 -0.130700529 17.1755199 -0.0328422785 0.99018091 -0.135878697 16.7792645 0.127383664 0.138990909 0.982067466 -120.909264 1.1920929e-07 2.54351273e-09 9.90864013e-09 1.00000083
0.992302477 0.0147728082 -0.122951552 16.2663212 -0.0304774474 0.991454005 -0.126847014 15.7099991 0.12002936 0.129617602 0.984272003 -121.550247 0 8.20827406e-10 1.27937483e-09 0.999999821
0.993241012 0.0152056552 -0.115056582 15.3254118 -0.0288641527 0.992596388 -0.117980771 14.6558342 0.112424888 0.120504119 0.986328244 -122.175972 -5.96046448e-08 5.48613865e-09 -1.05210152e-09 1.00000083
0.994123876 0.0161574204 -0.107019037 14.3537493 -0.0279341787 0.99359864 -0.109460182 13.6402369 0.104582354 0.111806281 0.988213658 -122.785522 -5.96046448e-08 1.05682052e-09 -2.28116726e-09 1.0000006
0.994942248 0.0173749533 -0.0989321321 13.366127 -0.0274535287 0.994462907 -0.101440005 12.6825724 0.0966251642 0.10364309 0.989910424 -123.371422 5.96046448e-08 -1.39278611e-09 3.48122287e-09 1.00000048
0.995683074 0.0185451526 -0.0909226239 12.383976 -0.0271211378 0.995203793 -0.0939891189 11.7904787 0.0887665451 0.0960496739 0.991413116 -123.92952 -1.1920929e-07 -1.67867231e-09 -8.39861514e-11 1.00000024
0.996355414 0.0193953961 -0.0830637887 11.4218416 -0.0266450308 0.995845199 -0.0870790705 10.9586954 0.0810298771 0.0889745578 0.992732346 -124.464905 0 -5.48988588e-09 -4.98535346e-09 0.99999994
0.996963203 0.0197572187 -0.0753343105 10.4790907 -0.0258376636 0.996409833 -0.0806218833 10.1744852 0.0734629259 0.0823230594 0.993894458 -124.984123 0 9.32386257e-09 -2.66364708e-10 1.00000048
0.997519135 0.0195946842 -0.0676253885 9.5393095 -0.0246334746 0.996915638 -0.074514851 9.42455769 0.0659445375 0.0759959668 0.994924784 -125.4841 0 1.59307567e-09 4.25369606e-09 1.00000072
0.998032093 0.0189806186 -0.0597676449 8.57440186 -0.0230796114 0.997372866 -0.0686639845 8.69908333 0.0582995974 0.0699070096 0.995847762 -125.955948 -5.96046448e-08 -3.46117135e-10 1.45521795e-09 1
0.998506486 0.0180362538 -0.0515830517 7.55458832 -0.021275837 0.997788191 -0.062975198 7.99023294 0.0503197461 0.0639784709 0.99668175 -126.399689 5.96046448e-08 6.30188213e-09 1.45051504e-09 1.00000024
0.998933673 0.0168867558 -0.0429614559 6.46264458 -0.0193393826 0.998168647 -0.0573182777 7.28545856 0.0419236012 0.0580892824 0.997431099 -126.829674 -1.67821132e-10 8.68613803e-09 -6.04533035e-10 1.00000012
0.999301851 0.0156539641 -0.0339142643 5.30253029 -0.0173894428 0.998522043 -0.0514906645 6.56050253 0.0330611691 0.0520449951 0.998097658 -127.263641 -4.50292958e-08 1.41798342e-08 -1.54807167e-09 1.00000024
0.999593854 0.0144550055 -0.0245580487 4.09486628 -0.0155553911 0.998856127 -0.0452215783 5.77919769 0.0238766298 0.0455848388 0.998675048 -127.70475 -1.53507623e-11 2.11539275e-09 1.11396636e-09 1
0.999797165 0.0133933686 -0.0150394076 2.86423469 -0.0139602674 0.999170899 -0.0382411666 4.90328407 0.0145134544 0.0384447835 0.999155283 -128.141251 -4.83353288e-11 2.9384748e-09 -7.55394192e-10 1
0.999906242 0.0125587387 -0.00545128062 1.62756348 -0.0127187194 0.999457598 -0.0303802174 3.90658212 0.00506643718 0.0304465555 0.999523699 -128.559753 -2.65873629e-10 2.08080664e-08 -1.3005057e-09 1
0.999918759 0.0120263426 0.00420257915 0.388789624 -0.0119327009 0.999694586 -0.0216383301 2.78520322 -0.00446150359 0.0215860214 0.999757171 -128.955124 1.43362665e-12 -1.00386071e-11 -5.46899304e-10 1
0.999832451 0.0118321339 0.0139760561 -0.859977543 -0.0116620352 0.999857783 -0.0121899713 1.55999029 -0.0141183436 0.0120269675 0.9998281 -129.327621 4.61672062e-10 6.51190733e-12 1.83330018e-10 0.999999881
0.99964112 0.0119525651 0.0239662379 -2.13847446 -0.0119017391 0.999926746 -0.00226161443 0.261612177 -0.0239948947 0.00197553867 0.999710202 -129.675232 -6.50374719e-12 -2.54396448e-10 8.78465078e-11 0.999999821
0.999336779 0.0123252319 0.0342542417 -3.46704197 -0.0126056047 0.999888778 0.00797895435 -1.08486772 -0.034158498 -0.00840543117 0.999381065 -129.993179 -3.46866702e-11 -5.88385285e-10 8.29595059e-10 0.999999881
0.998911619 0.0128864814 0.0448298939 -4.85004568 -0.0137266051 0.999735117 0.0184849482 -2.47086477 -0.0445793383 -0.0190802086 0.998823583 -130.279541 4.47633717e-08 3.30012059e-11 -1.61391067e-10 0.999999881
0.998362362 0.0135804201 0.0555798821 -6.27185631 -0.0152275162 0.999453962 0.0293245111 -3.9056313 -0.0551428199 -0.0301228166 0.99802351 -130.538025 1.48499772e-08 -6.56533161e-10 1.52498703e-09 0.99999994
0.997692525 0.0143388128 0.0663782507 -7.71260166 -0.0170594081 0.99902916 0.0406123064 -5.40677929 -0.065717712 -0.0416507386 0.996967673 -130.772369 4.785531e-11 -4.95435581e-10 -7.09108272e-10 1.00000012
0.99690181 0.0150671136 0.0771857649 -9.16493511 -0.019149743 0.998441696 0.0524199903 -6.9856205 -0.0762885213 -0.0537357964 0.995637774 -130.977707 -7.52931406e-09 -1.27444166e-10 5.38106615e-10 1
0.995995343 0.0156660993 0.0880393013 -10.6314049 -0.021412218 0.997673452 0.0647216216 -8.63746071 -0.086802572 -0.0663473457 0.994012594 -131.140839 -7.40488426e-09 -1.03657216e-09 -3.80667609e-10 1.00000024
0.994960785 0.0160755627 0.0989628285 -12.1107368 -0.0238039792 0.996715069 0.0774113089 -10.3445749 -0.0973990709 -0.0793767422 0.992075741 -131.250595 5.98651653e-08 1.16046069e-10 6.51547705e-10 1.00000012
0.99380666 0.0162931252 0.109928615 -13.5948524 -0.0263171252 0.995560884 0.0903675631 -12.0881443 -0.107962422 -0.0927008241 0.989823043 -131.305405 9.39585632e-11 -9.5189101e-10 -5.43149192e-10 0.999999821
0.992530406 0.0163341332 0.120902754 -15.0784597 -0.028967768 0.994208574 0.103490949 -13.8560963 -0.118507549 -0.106220521 0.9872545 -131.308304 -1.1920929e-07 -5.56302115e-10 -8.11048295e-09 1.00000048
0.991128564 0.0161702354 0.131895438 -16.5663013 -0.0317257345 0.992662311 0.116683088 -15.6400042 -0.129064247 -0.119833134 0.984372735 -131.260468 0 -6.73164191e-10 -7.1926749e-09 1.00000107
0.989606142 0.0157199893 0.142944366 -18.0690327 -0.034489993 0.990940273 0.129799277 -17.4259357 -0.139606953 -0.133380443 0.981181979 -131.163681 0 -1.55162105e-09 1.40519063e-09 0.999997914
0.987949193 0.0149191059 0.154056221 -19.5934525 -0.0371756069 0.989079177 0.14261952 -19.1879005 -0.150246963 -0.146627948 0.977716982 -131.030579 0 2.4229907e-09 -9.52652712e-09 1.00000262
0.986162603 0.0138241276 0.165164605 -21.1351147 -0.0397784375 0.9871369 0.154851124 -20.8872185 -0.160938054 -0.159278288 0.974032819 -130.882065 5.96046448e-08 -2.62175215e-09 3.69897712e-09 0.999999166
0.984282732 0.0126514388 0.176153094 -22.679924 -0.0424046069 0.985181153 0.166192949 -22.4809723 -0.171433046 -0.171050027 0.970233321 -130.740173 0 -2.83874169e-09 2.38558329e-09 0.999999702
0.982314765 0.0116795059 0.186902031 -24.2100163 -0.0452539623 0.983272493 0.17642881 -23.9352303 -0.18168439 -0.181766078 0.966408074 -130.611679 -1.1920929e-07 -6.18743368e-09 1.80356796e-09 1
0.980269074 0.0110879662 0.197338581 -25.7116299 -0.0484486297 0.981448233 0.185505509 -25.237875 -0.191637754 -0.191405743 0.962622643 -130.491272 -5.96046448e-08 -1.17458843e-09 4.42051373e-09 0.999999583
0.978181899 0.0108929873 0.207461312 -27.1804619 -0.0519573316 0.979716241 0.193536222 -26.4023418 -0.201147884 -0.200092971 0.958908319 -130.372009 -5.96046448e-08 1.24830191e-09 -1.53581325e-09 1.00000167
0.97603488 0.0110308053 0.217328221 -28.6217213 -0.0557552353 0.978054345 0.200752035 -27.4617538 -0.210350856 -0.208057418 0.955233216 -130.248352 1.1920929e-07 8.07694356e-10 -1.01605551e-08 0.999999702
0.973824382 0.0114517333 0.227016926 -30.0446129 -0.0598469302 0.976408362 0.207473561 -28.4619198 -0.219280452 -0.215627864 0.95153904 -130.116699 0 -1.33655176e-09 -1.31155105e-08 1.00000226
0.971545577 0.0121038379 0.236543462 -31.4500847 -0.0642656088 0.974699676 0.214080736 -29.4540653 -0.227967307 -0.223190904 0.947742999 -129.967773 -1.59930291e-10 1.60160241e-09 4.12358148e-10 0.99999994
0.969228983 0.012840067 0.24582535 -32.8248749 -0.068928197 0.972845852 0.220952764 -30.4872475 -0.23631309 -0.231098175 0.943795502 -129.791916 3.70922043e-12 -3.85098176e-10 -2.23151969e-10 1
0.966920495 0.0133800982 0.254727066 -34.1480217 -0.0735911727 0.970793128 0.228352711 -31.5958157 -0.244231746 -0.239544615 0.939664483 -129.580215 -1.78999793e-09 1.33619804e-09 -6.26354579e-10 1.00000012
0.964653671 0.0134168165 0.263179451 -35.4085617 -0.0779512674 0.968537211 0.236345917 -32.7898407 -0.251727968 -0.248506993 0.935348928 -129.3293 1.03413389e-11 1.14556853e-09 1.4460444e-10 0.99999994
0.962429523 0.0128052598 0.271229535 -36.6133385 -0.0818382204 0.966118038 0.244782135 -34.0503731 -0.258905172 -0.257782519 0.930868685 -129.03952 -3.85832366e-10 1.87970223e-10 7.2510653e-10 0.99999994
0.960228205 0.0116636464 0.278963119 -37.7765198 -0.0853110924 0.96360445 0.253356636 -35.335247 -0.265864193 -0.267077357 0.926282287 -128.719208 0 -4.5140256e-09 -1.38378375e-08 0.99999994
0.958059549 0.0102918772 0.286383897 -38.9021492 -0.0885589719 0.961071432 0.261724055 -36.5953903 -0.272542208 -0.276108384 0.921671152 -128.386353 0 -3.48227047e-09 1.68251688e-08 0.999995947
0.955944955 0.00899588037 0.293406337 -39.9823036 -0.0917764008 0.958582282 0.269623876 -37.7956123 -0.278830618 -0.284673601 0.917174518 -128.074493 1.1920929e-07 -3.5163028e-09 -1.6362609e-09 0.999996126
0.953938961 0.00798304286 0.299907327 -41.0019684 -0.0950452536 0.95619297 0.276877493 -38.914669 -0.284546435 -0.29262805 0.912909329 -127.813843 -1.1920929e-07 6.79322909e-09 -4.39219185e-08 1.00000393
0.952070534 0.00736166025 0.305783302 -41.9436951 -0.0983716697 0.95396924 0.283311874 -39.9304695 -0.289628774 -0.299814135 0.908972204 -127.619652 1.1920929e-07 9.07752185e-09 -6.5732717e-09 1.00000298
0.950390697 0.00716570579 0.310968518 -42.7895546 -0.101652205 0.951999545 0.288726747 -40.8116188 -0.29398033 -0.306015313 0.90550071 -127.497543 0 2.42877363e-09 1.2686634e-09 0.999998927
0.948918998 0.00735964486 0.315411001 -43.5229874 -0.104744032 0.950380266 0.292927384 -41.5229836 -0.297626346 -0.311003745 0.902606189 -127.444336 0 -1.24835964e-09 -1.64799729e-09 0.999998808
0.947685182 0.00786740333 0.319106609 -44.1413231 -0.107493296 0.949173093 0.295831889 -42.0453949 -0.30056265 -0.314656168 0.900363028 -127.460251 0 -3.96126509e-09 -1.5786263e-08 1.00000131
0.946666241 0.00862206984 0.322100013 -44.6584625 -0.109867081 0.948373497 0.2975173 -42.3861923 -0.302906156 -0.317038 0.898741961 -127.5439 -1.1920929e-07 5.29547961e-09 -3.08056514e-08 1.00000429
0.945844114 0.00954625476 0.32446003 -45.0949936 -0.111871496 0.947921276 0.298213631 -42.5795822 -0.304735601 -0.318361521 0.897663236 -127.693817 0 3.17706395e-09 -5.07337461e-09 0.999998689
0.945241868 0.0104703298 0.32622534 -45.4613647 -0.113410681 0.94773829 0.298209339 -42.6716995 -0.306031704 -0.318877548 0.897019982 -127.9049 -1.1920929e-07 -4.61740868e-10 1.22272965e-08 1.00000083
0.944812179 0.0111599807 0.327416778 -45.7574997 -0.114376158 0.947770476 0.297741562 -42.7024422 -0.306998402 -0.318757653 0.896749318 -128.176636 -5.96046448e-08 3.06429726e-09 -2.3307356e-08 1.00000167
0.944598496 0.011486969 0.328047872 -45.9811172 -0.11462751 0.948007405 0.296886563 -42.6879234 -0.307561278 -0.31804052 0.896797538 -128.510468 0 4.39478587e-09 7.52664064e-09 1.00000155
0.944556773 0.0115132034 0.328147769 -46.1371727 -0.114247769 0.948461652 0.295580357 -42.6218987 -0.30783093 -0.316682845 0.89718771 -128.918884 -1.1920929e-07 -4.19788648e-09 1.01117621e-08 0.999997914
0.944712281 0.0113885747 0.32771033 -46.2265739 -0.113315403 0.949162483 0.293682247 -42.4822884 -0.307697713 -0.31458059 0.897972286 -129.410034 -1.1920929e-07 2.35729125e-09 4.19347046e-09 1.00000107
0.945071042 0.0112030562 0.326671451 -46.2345848 -0.111877561 0.950134933 0.291079968 -42.2446785 -0.307122737 -0.311637938 0.899196744 -129.975281 0 -9.37781053e-09 1.34662272e-08 0.999995291
0.945672631 0.0109769152 0.324935138 -46.1344337 -0.109919846 0.951372087 0.287765205 -41.896328 -0.305975616 -0.307848215 0.900893092 -130.595581 2.11540763e-09 2.92607716e-10 -4.65757655e-10 0.999999881
0.946547806 0.0107362261 0.322384417 -45.8989067 -0.10746377 0.952845573 0.283790469 -41.4368553 -0.30413565 -0.303266168 0.903067529 -131.259598 -2.59234967e-10 -3.72414932e-10 2.51470539e-10 0.999999821
0.947713733 0.0105153611 0.318948448 -45.5169601 -0.104570873 0.954507351 0.279249877 -40.8794022 -0.301501811 -0.298001617 0.905699492 -131.972443 -1.49748747e-09 -7.51895934e-10 -8.61982152e-10 1.00000012
0.949155152 0.0103218267 0.314639509 -44.9953995 -0.101308659 0.956310093 0.274240106 -40.2426491 -0.298062295 -0.292172134 0.908732414 -132.743073 1.83584883e-10 -2.96603159e-10 -5.06809261e-10 1.00000012
0.95082891 0.0101368232 0.309550732 -44.3507004 -0.0977318361 0.958219707 0.268818647 -39.5397301 -0.293892384 -0.285853446 0.912093759 -133.57016 -1.78660575e-09 3.07812387e-11 -7.55657203e-11 1
0.952679396 0.00994833279 0.303823292 -43.6020355 -0.0938946158 0.96021986 0.262984753 -38.7724304 -0.289112061 -0.279068053 0.915709853 -134.438873 0 -3.63157859e-09 1.2359461e-08 0.999999046
0.95463413 0.00976381078 0.297600567 -42.7691689 -0.0898732394 0.962302327 0.256704211 -37.9351311 -0.283894837 -0.27180621 0.91953218 -135.332016 0 7.15016579e-09 -2.26353869e-08 0.999999821
0.956687212 0.00958573446 0.290972024 -41.8678284 -0.0856779516 0.964464009 0.249937683 -37.0202332 -0.278224498 -0.264041305 0.92351073 -136.23584 5.96046448e-08 -2.95053937e-09 -1.95884144e-08 1.00000358
0.958780408 0.00937185436 0.283972621 -40.9079704 -0.0813274384 0.96669513 0.242665604 -36.0228043 -0.272260636 -0.255759358 0.927614629 -137.147263 0 1.01372777e-09 2.17742038e-08 0.999996364
0.960937917 0.0090602627 0.276614517 -39.8948326 -0.0767528117 0.968986034 0.234894425 -34.9423599 -0.265908033 -0.246950075 0.931835115 -138.071686 -5.96046448e-08 3.1728864e-09 -6.6054362e-10 1.00000381
0.963137269 0.00862155668 0.268887818 -38.8285789 -0.0719681084 0.971312821 0.226653144 -33.7841377 -0.259204775 -0.237649128 0.936119616 -139.008911 -5.96046448e-08 -5.25157784e-09 1.01866382e-08 0.999997079
0.965363383 0.00806513615 0.260776401 -37.7087898 -0.0670347512 0.973635733 0.218036041 -32.5668297 -0.252150953 -0.22796537 0.940449059 -139.963318 1.1920929e-07 -3.99497146e-09 1.435839e-09 0.999997377
0.967630088 0.00739926845 0.252251297 -36.5340462 -0.0619965196 0.975910008 0.209181458 -31.317606 -0.244638726 -0.218048856 0.944781125 -140.935547 -5.96046448e-08 4.54781768e-10 -4.77161155e-09 1.00000322
0.969921291 0.00662976084 0.243333548 -35.3082085 -0.0569164157 0.978095531 0.200223252 -30.0598755 -0.236671001 -0.208049893 0.949050605 -141.919296 1.1920929e-07 -1.98779659e-09 -6.16365625e-10 0.999999166
0.97217536 0.00582063757 0.234150097 -34.0459023 -0.051936157 0.980167508 0.191245094 -28.8026218 -0.228424549 -0.198084861 0.953200817 -142.900253 1.78813934e-07 -9.24668786e-10 6.64754651e-09 1.00000119
0.974374294 0.00510607194 0.224882051 -32.7662697 -0.0472109616 0.982115805 0.182262674 -27.5395679 -0.219922736 -0.188208863 0.957185805 -143.855942 0 3.11302095e-11 -3.41339224e-09 1.00000095
0.976460457 0.00460369 0.215636179 -31.4786758 -0.0429011434 0.983942449 0.173252344 -26.2597923 -0.211387083 -0.178425834 0.960980415 -144.766907 -1.1920929e-07 4.07186551e-09 -1.44952566e-08 1.00000083
0.978460848 0.00433698529 0.206370398 -30.1741734 -0.0390072241 0.985652626 0.164218009 -24.9617405 -0.202713206 -0.16873087 0.96459496 -145.629791 -1.20625898e-10 -2.14823159e-11 1.07675202e-10 1
0.980407059 0.00424490031 0.196936265 -28.8304443 -0.0354609117 0.987237751 0.155255377 -23.6622295 -0.193763658 -0.159196988 0.968045413 -146.455505 8.6757948e-11 1.18470053e-10 -6.65035638e-10 1.00000012
0.982313097 0.00424722303 0.187197819 -27.4272747 -0.0322043374 0.988677561 0.146559715 -22.3951035 -0.184454888 -0.149996087 0.971327662 -147.257324 -8.02878181e-11 -5.34246467e-11 7.0720646e-10 0.999999881
0.984178901 0.00428975606 0.177124262 -25.9603577 -0.029208634 0.989956796 0.138320506 -21.1937714 -0.174751624 -0.141305745 0.974420011 -148.041428 -3.91217014e-09 -1.03120207e-10 1.10517384e-09 0.99999994
0.985980511 0.00435041403 0.166803464 -24.4448071 -0.0264664143 0.991082549 0.130595475 -20.0704899 -0.164747536 -0.133179292 0.977303028 -148.806458 -2.2377461e-11 -1.02709639e-10 3.65600217e-10 0.99999994
0.987684071 0.00441235816 0.15639855 -22.9097919 -0.0239568111 0.992079914 0.123303197 -19.0132847 -0.154615626 -0.125531405 0.979967475 -149.548538 -1.15617516e-10 -1.23498989e-10 2.66643596e-10 0.99999994
0.989259899 0.0044300016 0.14609915 -21.389637 -0.0216204282 0.99298048 0.1162856 -17.9950752 -0.144558817 -0.118195415 0.982411802 -150.264542 -1.85670784e-11 6.6225192e-11 6.93347879e-11 1
0.990689754 0.00432840874 0.136071578 -19.9123898 -0.0193701163 0.993807375 0.109414503 -16.9916477 -0.134754837 -0.111031525 0.984638572 -150.950516 -3.76271991e-09 4.29575472e-12 -1.80386261e-11 1
0.991970241 0.00403935742 0.126406834 -18.4896812 -0.0171332248 0.99456799 0.102670133 -15.9966984 -0.125305802 -0.104011491 0.986650825 -151.600418 1.43953377e-10 1.72430265e-11 -6.03661676e-10 1.00000012
0.993115187 0.00353176566 0.117088094 -17.1135674 -0.0148750069 0.995256245 0.09614674 -15.0252132 -0.116192661 -0.0972264782 0.988456786 -152.212784 5.86713872e-11 -5.68394325e-11 -6.21259932e-10 1.00000012
0.994146228 0.00282709277 0.108005799 -15.7623005 -0.0126060424 0.995864987 0.0899661779 -14.0997801 -0.107305102 -0.0908010602 0.990071237 -152.795425 7.38712691e-09 9.55355239e-12 9.774348e-10 0.999999821
0.995081186 0.00202540238 0.0990406722 -14.4148064 -0.0104034282 0.996399105 0.0841478482 -13.2265282 -0.0985150486 -0.0847643018 0.991519034 -153.35939 7.55679164e-09 5.12404563e-11 -6.85842605e-10 0.99999994
0.995925128 0.00129612803 0.0901726037 -13.0676975 -0.00840974785 0.996874511 0.0785531178 -12.3833342 -0.0897900686 -0.0789913759 0.992823362 -153.906204 7.51593898e-09 1.06508469e-10 1.81242799e-11 1
0.996671915 0.000757531496 0.0815136954 -11.7406521 -0.00672639394 0.997311294 0.0729762018 -11.535634 -0.0812396258 -0.0732816383 0.993996978 -154.426331 3.05942147e-11 2.16368243e-12 -8.22713619e-10 1
0.997315586 0.000323737506 0.0732232556 -10.4628716 -0.00526472135 0.997719228 0.0672946796 -10.6638546 -0.0730344206 -0.0674991384 0.995042562 -154.908691 2.65273636e-11 -6.43343046e-10 -2.51210164e-10 1
0.997859001 -0.000273135374 0.0654016659 -9.2543087 -0.00376040442 0.99809736 0.0615435056 -9.77592564 -0.0652938709 -0.0616571568 0.995959342 -155.349319 -8.31853683e-12 -8.4038474e-09 1.68395659e-10 1
0.998311579 -0.0012488002 0.0580745451 -8.12064171 -0.00200217008 0.998435378 0.0558868684 -8.90024757 -0.0580527633 -0.0559083596 0.996746421 -155.751862 -1.319575e-11 -4.97673147e-09 -6.16309226e-11 1
0.998682559 -0.00255157636 0.0512506478 -7.0628767 -4.21635341e-05 0.998721957 0.0505442359 -8.07180119 -0.0513145849 -0.0504780598 0.997405946 -156.123169 -2.59261085e-11 -5.44650858e-09 1.69924186e-10 0.99999994
0.998981237 -0.00388845755 0.0449610092 -6.08678293 0.00183146936 0.998953342 0.0457038432 -7.31933689 -0.0450896919 -0.0455750115 0.997943044 -156.472275 8.00487454e-12 -7.89899968e-09 -1.19519972e-09 1
0.999217093 -0.00493921153 0.0392522179 -5.20280981 0.00331055094 0.999135017 0.0414535403 -6.65687084 -0.0394231454 -0.0412912667 0.998369157 -156.813156 1.63930987e-11 -1.02760786e-10 -6.35394626e-10 0.99999994
0.999400496 -0.00552459201 0.0341788828 -4.42199898 0.00423210114 0.999277174 0.0377730653 -6.08360147 -0.0343635678 -0.0376056954 0.998701751 -157.164139 8.32803271e-11 9.96454386e-09 -8.32861058e-10 0.99999994
0.999539852 -0.00561427791 0.029807318 -3.75473332 0.00458210427 0.999391496 0.0345831662 -5.59022474 -0.0299832616 -0.034431871 0.998957276 -157.537079 1.80263339e-11 6.03164629e-09 9.30896082e-10 0.99999994
0.999643326 -0.00527521595 0.0261826739 -3.20715022 0.00444163661 0.999484837 0.0317895226 -5.16326618 -0.0263315197 -0.0316627547 0.999151528 -157.926834 5.56722203e-11 1.48714747e-08 1.16104293e-09 0.999999881
0.999718189 -0.00466788979 0.0232670791 -2.77217364 0.00398513116 0.999562919 0.0292959865 -4.78585196 -0.0233972371 -0.0291946195 0.999299824 -158.315628 2.97691169e-08 -3.38015593e-09 1.20286758e-09 0.999999881
0.999773443 -0.00404701801 0.0209035613 -2.42147136 0.00348167913 0.99962914 0.027009761 -4.43918467 -0.0210041516 -0.0269286875 0.999416769 -158.689117 2.97768228e-08 -6.24611385e-09 3.09270748e-10 0.99999994
0.999814391 -0.00367810507 0.0189276803 -2.12245369 0.00320744189 0.999686122 0.0248484313 -4.10549879 -0.0190122724 -0.0247815549 0.999512196 -159.045197 6.06047434e-11 1.58720628e-08 2.35130138e-10 1
0.999843001 -0.00369752361 0.0173271708 -1.86839747 0.00330291991 0.999735892 0.0227458086 -3.7717998 -0.0174092781 -0.0226823781 0.999591112 -159.387146 3.07137302e-12 1.20153254e-09 4.7291504e-11 1
0.999860525 -0.00403674645 0.0162120648 -1.67952788 0.00370151945 0.999779463 0.0206659529 -3.43504882 -0.01628628 -0.020604603 0.999654889 -159.71489 6.60103222e-11 2.00096935e-08 5.90246907e-10 0.999999762
0.999867141 -0.00449721608 0.0156731382 -1.58001578 0.00420527393 0.999817789 0.0186169427 -3.10392165 -0.0157442279 -0.0185402073 0.999704123 -160.029022 -9.15794454e-11 -1.67452896e-08 1.15451482e-09 0.999999881
0.999865234 -0.00492386101 0.0156637039 -1.57202411 0.00466307858 0.99985075 0.0166378077 -2.79161859 -0.0157490354 -0.0165616181 0.999738812 -160.339493 6.56860816e-11 1.17248851e-08 -3.82705256e-10 1.00000024
0.999857545 -0.00530964136 0.0160202738 -1.63305926 0.00507318322 0.999878228 0.0147672389 -2.50596809 -0.0161045734 -0.0146784326 0.999762714 -160.662247 -2.08135412e-10 -4.05760332e-08 -1.5242535e-10 1.00000012
0.999845803 -0.00571277784 0.0166058745 -1.73960865 0.00549664767 0.999900103 0.0130315013 -2.24800301 -0.0166760385 -0.0129323835 0.999777317 -161.005142 5.95233125e-08 -1.28374964e-08 1.46263957e-09 0.99999994
0.999829948 -0.00610498339 0.0174027141 -1.88555229 0.00590628199 0.99991703 0.0114525892 -2.01720738 -0.0174715817 -0.0113411425 0.999783158 -161.362442 -5.28532773e-11 -8.51791171e-09 -8.08118017e-11 1
0.999809802 -0.00636925874 0.0184353981 -2.07119942 0.00618469901 0.999930441 0.0100481017 -1.81353104 -0.0185008589 -0.00993221346 0.999779761 -161.725159 1.10488329e-11 8.42244052e-11 -7.13410442e-10 1.00000012
0.999786317 -0.00643921224 0.0196416788 -2.28305793 0.0062669469 0.999941587 0.00881653093 -1.63417137 -0.0196965449 -0.00869154651 0.999768376 -162.094971 2.59431886e-12 -1.81323248e-10 2.89061608e-10 1
0.999762058 -0.00636751344 0.0208634119 -2.49425602 0.00620736368 0.999950767 0.00773053523 -1.47187603 -0.0209211167 -0.00759915262 0.999752283 -162.482391 2.97679783e-08 1.4072344e-11 1.86414528e-09 0.999999762
0.999740064 -0.00624872372 0.0219280254 -2.67750359 0.00610219175 0.999958694 0.00674215425 -1.31678224 -0.021965785 -0.00660659792 0.999736726 -162.890305 -1.64554828e-11 8.6036657e-11 8.84680773e-10 0.999999881
0.999723673 -0.0061244322 0.0226865616 -2.80713701 0.00599457137 0.99996531 0.00578513695 -1.15803289 -0.0227257498 -0.00564752473 0.999725878 -163.303329 2.97988123e-08 2.06935302e-11 8.27140523e-10 0.99999994
0.999717534 -0.00596491853 0.0230015442 -2.85521841 0.00585640781 0.999971449 0.00478195911 -0.985357106 -0.0230382551 -0.00464586308 0.999723852 -163.699615 2.98051397e-08 -1.62453162e-10 7.613008e-10 0.999999881
0.999724746 -0.00569342123 0.022759147 -2.79895735 0.00561122783 0.999977529 0.00367576024 -0.793455839 -0.022778606 -0.00354704889 0.999734282 -164.069687 -3.60925699e-13 2.28073824e-10 -2.94067548e-11 1
0.999746382 -0.00521622831 0.0218911432 -2.63088489 0.00516349031 0.999983609 0.00246220781 -0.584555864 -0.0219225436 -0.002348562 0.999757111 -164.420242 5.96144858e-08 1.2428196e-10 6.32684571e-10 0.99999994
0.999782681 -0.00449489988 0.0203580465 -2.3543849 0.00447188178 0.99998945 0.0011763192 -0.363243937 -0.0203629211 -0.00108499767 0.999791801 -164.762604 8.94303298e-08 1.80395088e-10 -1.74301296e-10 1.00000012
0.999828756 -0.00364341028 0.0181234386 -1.97150564 0.00364680588 0.999993384 -0.00015378173 -0.12915495 -0.0181344338 0.000219880749 0.99983561 -165.1017 0 -4.84745334e-11 2.56274402e-09 0.999999821
0.99988085 -0.00291728391 0.0151601108 -1.47949564 0.00294086337 0.999994576 -0.00153263449 0.122830108 -0.015163294 0.00157697767 0.999884129 -165.436722 -5.96046448e-08 -1.29053171e-10 -2.18724239e-09 1.00000012
0.999931216 -0.00254191505 0.0114540532 -0.872774422 0.00257624686 0.999992132 -0.00298612961 0.396379352 -0.011435125 0.00301540922 0.999929905 -165.767456 5.96046448e-08 -8.38256964e-11 1.74972747e-09 0.99999994
0.999972224 -0.00253169495 0.00702409213 -0.148325115 0.00256354362 0.99998641 -0.00453317584 0.689195156 -0.00700415811 0.00455106236 0.999964833 -166.097534 -5.96046448e-08 -2.59323091e-10 1.45056789e-09 0.999999762
0.999994636 -0.00269067241 0.00189145468 0.697619855 0.00270222872 0.99997741 -0.00615815585 0.992597342 -0.00186783122 0.00616325019 0.999979556 -166.431107 0 -3.14707344e-10 4.93809993e-10 0.99999994
0.999988317 -0.00279285735 -0.00392754795 1.66731215 0.00276217237 0.999965966 -0.00778609794 1.29090691 0.0039592986 0.00777516933 0.999961972 -166.767853 -5.96046448e-08 -6.28311916e-11 -7.43324957e-10 1
0.999942243 -0.00276048086 -0.0103727328 2.74992228 0.00266410876 0.999953508 -0.00928451121 1.56156361 0.0104000987 0.00925628655 0.999903262 -167.10054 5.96046448e-08 1.49938256e-10 1.31643774e-09 0.999999881
0.999845386 -0.0026825543 -0.0173652787 3.9269402 0.00250013545 0.999941587 -0.010515118 1.78156161 0.017395528 0.0104699843 0.999793351 -167.416016 -5.96046448e-08 1.30041866e-10 7.4948836e-10 0.999999821
0.999687672 -0.00268547377 -0.0248765666 5.18991518 0.00240280479 0.99993217 -0.0114013217 1.93766236 0.0248647556 0.0113380048 0.999625862 -167.702225 0 1.13534154e-10 -3.1127767e-09 1.00000012
0.999453843 -0.00279288972 -0.0329315588 6.54584169 0.0024004411 0.999925733 -0.0119507629 2.03083324 0.0329624601 0.0118652629 0.999386668 -167.954147 0 -5.41635847e-10 -4.18712798e-09 1.00000095
0.999132276 -0.00290349452 -0.0415337346 8.00206947 0.00239744969 0.999922395 -0.0122239478 2.07227159 0.041578915 0.0121137016 0.999062121 -168.17749 0 2.3490665e-10 6.43661791e-10 0.999999881
0.998714149 -0.00288969977 -0.0506031774 9.54928017 0.00227060588 0.999922037 -0.012285281 2.07575798 0.0506433174 0.0121546015 0.998642981 -168.384094 -5.96046448e-08 -1.59081415e-10 4.10628864e-09 0.999998987
0.998194754 -0.00270105875 -0.0599974208 11.1628942 0.00197434379 0.999924064 -0.0121675506 2.05026245 0.0600275286 0.012027096 0.998124897 -168.583771 1.1920929e-07 -2.00737912e-10 -6.80209578e-09 1.00000036
0.997572839 -0.00237765885 -0.069587104 12.8197107 0.00155523792 0.999928534 -0.0118698562 1.99677992 0.0696120262 0.011732839 0.997503996 -168.780975 1.1920929e-07 4.26731983e-11 5.89817972e-09 0.999999881
0.996849954 -0.00198752503 -0.0793066695 14.5092773 0.00108689629 0.999934375 -0.0114012044 1.91464055 0.0793026313 0.0112791508 0.996784866 -168.977753 5.96046448e-08 1.21732846e-10 7.72608288e-09 1.00000048
0.996017158 -0.0015630119 -0.0891267881 16.2269821 0.000599335879 0.999941349 -0.0108355749 1.81327426 0.0891593397 0.0107390238 0.995961428 -169.170853 -1.1920929e-07 1.33409922e-10 -5.72460657e-09 1.00000036
0.995086789 -0.0010813612 -0.0989865139 17.9591064 5.99324703e-05 0.999946713 -0.0103198793 1.71710205 0.0990053117 0.010263239 0.995035946 -169.353882 0 -9.73429254e-11 -5.53978996e-09 1.00000179
0.99406904 -0.000489353493 -0.108764656 19.6782207 -0.00060460344 0.999949574 -0.0100263013 1.65868509 0.108748257 0.0100325933 0.994016886 -169.518356 0 9.89514026e-12 8.54892335e-09 0.999998689
0.992971361 0.000240022317 -0.118345015 21.3587914 -0.00144428387 0.999948084 -0.0100893332 1.66619253 0.11834608 0.0101893377 0.992921889 -169.66095 0 -1.06776407e-10 -3.47838602e-09 1.00000036
0.991810441 0.00104000582 -0.127715036 22.9978619 -0.00240629166 0.999941528 -0.0105442656 1.74912405 0.127695218 0.0107651902 0.991755486 -169.782944 5.96046448e-08 -2.70192896e-11 -8.09997402e-09 1.0000006
0.990575075 0.00173208641 -0.136979267 24.6167316 -0.00330771133 0.999931097 -0.0112776738 1.88666344 0.136930704 0.0116243549 0.990509033 -169.888412 0 3.16793536e-11 5.75096237e-09 0.99999851
0.989246547 0.00210102065 -0.146253556 26.2394066 -0.00390379876 0.999919891 -0.0120412288 2.03048277 0.146206632 0.0124827204 0.989175022 -169.983261 5.96046448e-08 -3.46090212e-10 -4.61966199e-09 1.00000072
0.98782742 0.00200059684 -0.15555948 27.872982 -0.00400265492 0.999913096 -0.0125594279 2.12701178 0.155501291 0.0130292457 0.987746119 -170.073151 5.96046448e-08 2.4890201e-10 6.33740171e-09 0.999998689
0.986319482 0.0013963884 -0.164851308 29.5125751 -0.00353267416 0.999913573 -0.0126673514 2.14410377 0.164806888 0.0130763547 0.986238062 -170.160233 1.1920929e-07 1.00299449e-10 5.42567768e-10 1.00000095
0.984726965 0.000356469012 -0.174119592 31.1583672 -0.00255128741 0.999920011 -0.012382606 2.08426619 0.174086139 0.0126377372 0.984647334 -170.229294 -1.1920929e-07 -3.97522848e-11 8.88929996e-09 0.999998927
0.983031452 -0.000953932584 -0.18343699 32.8216095 -0.00124655664 0.999928474 -0.0118803941 1.98135769 0.183432132 0.0119074676 0.982958257 -170.254211 0 -7.20124516e-11 -5.04256192e-10 0.999999583
0.981220067 -0.00229484285 -0.192878664 34.5114746 9.80421901e-05 0.99993515 -0.0113984169 1.88446712 0.192891821 0.0111654662 0.981154978 -170.216888 -1.1920929e-07 2.25673646e-10 -1.37902267e-08 1.00000024
0.979293942 -0.00342891691 -0.202422366 36.2214432 0.00120285898 0.999937594 -0.0111195054 1.83374953 0.202439621 0.0106458236 0.97923553 -170.12088 -5.96046448e-08 -1.71426706e-10 8.51249027e-09 1
0.977275312 -0.00420901179 -0.211949944 37.9322357 0.00190271437 0.999936819 -0.0110849924 1.83960259 0.211964786 0.0104299001 0.977218509 -169.985458 -5.96046448e-08 7.86372412e-10 1.4852791e-08 1.00000346
0.975188494 -0.00460466696 -0.221334428 39.6251755 0.00218483061 0.999935269 -0.0111769168 1.87776172 0.221365288 0.0104159657 0.975131154 -169.83017 0 3.48448659e-10 1.64368466e-08 0.99999702
0.973058283 -0.00466657523 -0.230513945 41.2914925 0.00214529037 0.999935091 -0.0111872815 1.90462315 0.230548754 0.010391308 0.973002672 -169.669083 -5.96046448e-08 4.2646553e-10 1.77465722e-08 0.999997914
0.97088778 -0.00446933648 -0.239482626 42.9300766 0.00190186314 0.999938309 -0.0109504657 1.88468564 0.239526868 0.0101762228 0.970840573 -169.509369 -5.96046448e-08 -2.49442911e-10 4.98197039e-10 1
0.968691587 -0.00407049898 -0.248230904 44.5388756 0.00152360089 0.999944329 -0.0104513085 1.81210208 0.24826318 0.00974585488 0.968646944 -169.358353 5.96046448e-08 1.82495408e-10 -2.21950565e-08 1.00000119
0.966482162 -0.00351078459 -0.256694287 46.1060638 0.00102679245 0.999951541 -0.00980972592 1.70858121 0.256731212 0.00921728741 0.966441274 -169.227081 0 3.27747968e-10 1.14414398e-08 0.999998629
0.964316726 -0.00285419845 -0.264754951 47.6084824 0.000446063466 0.999958158 -0.00915605947 1.59993005 0.2647506 0.00871123001 0.964269936 -169.126999 -5.96046448e-08 -6.11287132e-11 1.58542726e-08 0.999997377
0.962222576 -0.00221608835 -0.272282571 49.0196915 -0.000110752415 0.99996376 -0.00853085984 1.49526107 0.272264034 0.00823877193 0.962180376 -169.061172 0 -1.92954125e-10 -1.11309966e-08 1.00000107
0.960242271 -0.00172817486 -0.279183626 50.3224945 -0.000498820562 0.999968708 -0.00790618639 1.38860798 0.279167205 0.00773110706 0.960209072 -169.023605 5.96046448e-08 2.94395897e-11 -2.2347594e-08 0.999998987
0.958394051 -0.00147390133 -0.285416961 51.5127449 -0.000629820395 0.999973416 -0.00727804145 1.27674758 0.285447687 0.00715501606 0.958371997 -169.006256 0 -2.59992028e-11 1.17042198e-08 0.999997973
0.956719816 -0.00146164326 -0.290989131 52.594532 -0.000515135005 0.99997735 -0.00671616197 1.17204428 0.291009873 0.0065754177 0.956700861 -169.013092 -5.96046448e-08 7.05825398e-11 1.44837813e-08 0.999997199
0.95520407 -0.00163797603 -0.295915395 53.569046 -0.00024410896 0.999980092 -0.00632257573 1.09721541 0.295947701 0.00611156784 0.955191612 -169.046646 0 1.57700741e-10 8.0318614e-09 1.00000048
0.953880191 -0.00190135022 -0.300197005 54.4309387 5.73974103e-05 0.999981225 -0.00615144661 1.06869185 0.300188243 0.00585054141 0.953862727 -169.107941 5.96046448e-08 1.60934349e-10 -6.82174317e-11 0.999998927
0.952748299 -0.00210824213 -0.303756028 55.1603966 0.000243706629 0.999981165 -0.00617609872 1.08614135 0.303760588 0.00581024028 0.952733397 -169.190186 0 -1.95808869e-10 -3.54976244e-08 1.00000429
0.951893449 -0.00210354896 -0.306431979 55.7267838 0.000172236934 0.999980092 -0.00632966636 1.13713193 0.306429416 0.00597240031 0.951868892 -169.300385 5.96046448e-08 4.17150758e-11 2.0866203e-08 0.999998689
0.951363385 -0.00179569214 -0.308049291 56.1023026 -0.000233082101 0.999978662 -0.00654860912 1.20531833 0.308070958 0.00630192459 0.951343477 -169.462479 0 2.78218337e-10 2.56458961e-08 0.999999106
0.951215386 -0.00123536692 -0.308529943 56.2779884 -0.000894475728 0.999976635 -0.00676176185 1.27053356 0.308526695 0.00670787133 0.951197386 -169.698746 -5.96046448e-08 -1.70827519e-10 -4.85031393e-09 1.0000031
0.951402843 -0.000605963287 -0.30795753 56.2668648 -0.0015874356 0.999975204 -0.0068719862 1.30887115 0.307945549 0.00702691032 0.951373279 -169.998535 0 5.60180374e-11 2.42359199e-09 0.999996662
0.951880157 -9.95748705e-05 -0.306479841 56.0838127 -0.0020852983 0.999974608 -0.0068017114 1.30510318 0.306462824 0.00711349957 0.951850951 -170.339783 -5.96046448e-08 1.57502789e-10 -1.18704335e-09 0.999997854
0.952618241 0.000218750094 -0.304159492 55.7284393 -0.00232290477 0.999975741 -0.00655589905 1.26519263 0.304159582 0.00695181452 0.952592731 -170.699432 0 -3.85974031e-11 2.39772326e-08 0.999997616
0.953627706 0.000437847397 -0.301008999 55.2038956 -0.00241862983 0.999977827 -0.00620830618 1.20904589 0.300979227 0.00664842734 0.953600109 -171.083206 -5.96046448e-08 1.88930246e-10 -3.17560662e-08 0.99999994
0.954865336 0.000710211229 -0.297025025 54.5234985 -0.00255264342 0.999979973 -0.0058148196 1.14875436 0.297027826 0.00631062174 0.954847932 -171.512299 -5.96046448e-08 5.3818186e-11 6.89223967e-09 0.99999553
0.956351519 0.00112207758 -0.292218506 53.7038879 -0.00281197578 0.999981523 -0.00536301313 1.0788523 0.292204887 0.00595064135 0.95633924 -172.014481 -5.96046448e-08 -2.2919433e-10 -6.77314915e-09 1.00000167
0.958041549 0.00163363141 -0.286605686 52.7533798 -0.00314386934 0.99998343 -0.00480892835 0.987151921 0.286612391 0.00550825847 0.958039165 -172.595413 1.1920929e-07 2.60431676e-11 2.86659088e-08 1.00000179
0.959922731 0.0021496329 -0.280251265 51.6816483 -0.00344895571 0.999985397 -0.00414302433 0.869747102 0.280243695 0.00494360784 0.959920108 -173.247162 0 -1.85380419e-10 2.43927669e-08 1.00000036
0.961944163 0.00262937346 -0.273232579 50.4981956 -0.00370255113 0.999987304 -0.00341210817 0.734577119 0.273220867 0.00429394655 0.961946428 -173.954468 5.96046448e-08 -6.20258123e-10 -4.46581083e-08 1.00000179
0.964089036 0.00308703398 -0.265579194 49.2006493 -0.00394646823 0.999988437 -0.00270266365 0.597069263 0.265549928 0.00365371327 0.964084804 -174.701157 0 8.0624632e-11 2.07927897e-09 0.999995172
0.966326654 0.00349687855 -0.257305771 47.7794304 -0.00418321788 0.999989033 -0.00212021079 0.476522982 0.257284373 0.00312512368 0.966334283 -175.474518 0 1.99658068e-10 3.39141337e-09 1.00000238
0.968623698 0.00375509681 -0.248501092 46.2416267 -0.0043277517 0.999989331 -0.00175818638 0.39132455 0.24849464 0.0027784335 0.968627155 -176.250076 0 4.14104515e-11 3.49449358e-09 1.00000167
0.970912278 0.00375188561 -0.239406109 44.6345558 -0.00427179132 0.999989569 -0.00165279058 0.350775182 0.239397556 0.00262740836 0.970918238 -177.012329 -8.17815815e-11 -3.42063097e-12 -4.42904158e-10 1.00000012
0.973114312 0.00345990201 -0.230296612 43.0221176 -0.00397230638 0.999990463 -0.00176137022 0.350302309 0.230288744 0.00262882304 0.973118842 -177.742065 -1.82587256e-09 2.82060855e-12 3.47659512e-10 0.99999994
0.975190699 0.0029557168 -0.221345916 41.446804 -0.00348012848 0.999992013 -0.00197923882 0.373320073 0.221338347 0.0027004499 0.975193262 -178.429169 -1.86566984e-09 -9.4659636e-12 -2.70282574e-10 1
0.977148294 0.00238499814 -0.212545365 39.9057426 -0.0029108054 0.999993384 -0.00216097664 0.393917382 0.212538734 0.00273027294 0.977149129 -179.069839 1.70383896e-09 3.59718613e-12 -6.26432572e-10 1.00000012
0.979018629 0.00191438152 -0.203761682 38.3648491 -0.00240087113 0.999995053 -0.00214037928 0.380319923 0.203756347 0.00258467579 0.979018033 -179.671753 1.95888816e-09 1.38890787e-12 4.42958531e-10 1
0.980829597 0.00167586969 -0.194860622 36.791748 -0.00206331443 0.999996185 -0.00178535923 0.306419194 0.194856673 0.00215319148 0.98082912 -180.257767 -1.08277276e-11 5.37389534e-12 2.05943484e-10 1
0.982589245 0.00169693108 -0.185783267 35.1740952 -0.00193089398 0.999997616 -0.00107840053 0.167948291 0.185780853 0.00141835178 0.98259002 -180.855042 1.97170058e-12 4.37934584e-12 7.0150219e-11 1
0.984289289 0.00186753564 -0.176553667 33.5179596 -0.00192373467 0.999998391 -0.000147145009 -0.0120041845 0.176552936 0.000484474353 0.984290957 -181.475876 1.82533433e-09 -6.31873026e-14 -4.5985793e-10 1.00000012
0.985908389 0.00200243946 -0.167274892 31.8444443 -0.0018946185 0.999998033 0.000804156647 -0.195705131 0.167275816 -0.000475901878 0.985910118 -182.106476 1.1803053e-10 -3.34378488e-12 6.39957309e-10 0.999999881
0.987418294 0.0019635628 -0.158117354 30.1898193 -0.00172932469 0.999997377 0.001618988 -0.352350354 0.158120558 -0.00132518192 0.987419009 -182.717514 -3.57442498e-09 -9.09060674e-12 1.24524036e-09 0.999999762
0.988787293 0.00174215843 -0.149319738 28.6068306 -0.00141863246 0.999996483 0.00227312907 -0.473545969 0.149324358 -0.00203581061 0.988786161 -183.285355 -7.4894233e-09 -1.07294122e-11 9.89256732e-11 0.99999994
0.990001798 0.00145302294 -0.141046509 27.1322651 -0.0010596842 0.999995589 0.00286380667 -0.574861348 0.141049817 -0.00268571125 0.989998996 -183.808487 9.32714531e-11 4.01023052e-12 6.50523413e-10 1
0.991084814 0.00126315258 -0.13322635 25.7490177 -0.000799673959 0.999993622 0.00353231607 -0.685491145 0.133230641 -0.00339428708 0.99107945 -184.304459 -3.72642806e-09 -9.71379227e-13 3.26177196e-10 0.99999994
0.992084861 0.00128858828 -0.125579402 24.3921356 -0.000743784942 0.999990284 0.00438566692 -0.832937241 0.125567168 -0.00425754208 0.992075503 -184.792664 0 -1.94487482e-12 -6.03722317e-09 1.0000006
0.993034005 0.00152398436 -0.117826283 22.9980831 -0.000888001174 0.99998486 0.00545040984 -1.02903843 0.117824301 -0.00530778943 0.993018329 -185.27858 5.96046448e-08 -1.57011452e-11 -3.63489239e-10 1.00000191
0.993944228 0.00188583496 -0.109879479 21.5487919 -0.0011604093 0.999977112 0.00666613225 -1.26362181 0.109880716 -0.00649826135 0.993922353 -185.760757 -5.96046448e-08 -1.12414869e-10 8.72762307e-09 1.00000048
0.994798481 0.00232840353 -0.101825632 20.0666924 -0.00152946264 0.999967575 0.00792274997 -1.51077282 0.101850964 -0.00772576639 0.994772851 -186.237427 -1.1920929e-07 -2.57542633e-11 -7.31441796e-09 1.00000048
0.995587111 0.00286660413 -0.0937658325 18.5779877 -0.00202032435 0.999956429 0.0091163395 -1.74315715 0.0938182324 -0.00888662692 0.995552778 -186.709091 -3.74538756e-09 -3.00650393e-10 -4.88511454e-11 1.00000012
0.996311605 0.00347714708 -0.0857125819 17.0898609 -0.00261419569 0.999944746 0.0101751871 -1.94194198 0.085767597 -0.00991357397 0.996268153 -187.173264 8.10816275e-11 -6.23822938e-11 6.381215e-10 1
0.996976614 0.00404939847 -0.0776003152 15.5921288 -0.00320130493 0.99993366 0.0110508772 -2.09775019 0.0776348785 -0.0107689528 0.996923387 -187.615692 -5.2361937e-08 3.59323127e-11 -7.05910608e-10 1.00000024
0.99758321 0.00446243444 -0.0693358481 14.0658016 -0.00365805277 0.99992466 0.0117229624 -2.21083856 0.069387272 -0.0114409924 0.997524559 -188.019852 4.83141929e-11 1.72248105e-10 6.70205447e-10 1
0.998135209 0.00464717671 -0.0608557351 12.4943466 -0.00390953198 0.999917626 0.0122331977 -2.29494882 0.0609152801 -0.0119724907 0.998071611 -188.37764 0 1.05644174e-10 -4.03233003e-09 1.00000024
0.998626649 0.00455520954 -0.052194804 10.8810024 -0.00389763713 0.999911964 0.0126937404 -2.37606645 0.0522451699 -0.01247299 0.998557925 -188.69313 5.96046448e-08 -1.20110033e-11 -8.94608831e-10 1.00000048
0.999045551 0.00414522178 -0.0434829146 9.25173473 -0.00357307494 0.999906182 0.0132262902 -2.47881722 0.0435338542 -0.0130582787 0.998966634 -188.976471 5.96046448e-08 -4.32570813e-10 -4.53345361e-09 1.0000006
0.999386907 0.0034565439 -0.0348245502 7.63039541 -0.00297452696 0.999899387 0.0138772372 -2.60978794 0.0348863751 -0.0137650827 0.999296904 -189.242401 0 -2.45536896e-10 7.8421003e-10 0.999999881
0.999653041 0.00266765454 -0.0261833668 6.01264381 -0.00228590332 0.999890983 0.014591312 -2.75415254 0.0262341723 -0.014526451 0.999550998 -189.507614 -5.96046448e-08 -2.50474919e-11 -7.9737017e-10 1.0000006
0.999845982 0.00203707977 -0.0174107309 4.36994123 -0.00177090056 0.999881804 0.0152727542 -2.89053106 0.0174573734 -0.0152395228 0.999731839 -189.788696 -5.96046448e-08 -2.70413206e-12 7.38410444e-10 0.999999464
0.999963224 0.00176772883 -0.00836084504 2.67195368 -0.00163432676 0.999872625 0.0158802103 -3.01106071 0.00842697453 -0.0158630591 0.999839067 -190.092606 0 -1.92342107e-08 7.52722329e-10 1
0.999997616 0.00190916308 0.0010454125 0.899173439 -0.00192627683 0.999862731 0.0164629575 -3.12715173 -0.00102341024 -0.0164595954 0.999863803 -190.407791 5.96046448e-08 4.35607141e-11 -2.31365538e-10 0.999999821
0.999938607 0.00235524122 0.0108217718 -0.955859065 -0.00254010875 0.99985075 0.0170892086 -3.25329804 -0.0107872356 -0.0171126258 0.999795437 -190.71167 5.96046448e-08 -3.92612054e-11 1.28419231e-09 0.999999762
0.999775946 0.00290843449 0.0209219959 -2.88717866 -0.00328042055 0.999837339 0.0177338552 -3.38444138 -0.0209010784 -0.0178035833 0.999623656 -190.988297 -5.96046448e-08 1.97610284e-08 -7.62921504e-10 1
0.999505699 0.00336435274 0.0312992819 -4.88559008 -0.00393726816 0.99982512 0.0182858109 -3.49773765 -0.0311879329 -0.0183999296 0.999343455 -191.240112 0 -3.81168291e-10 9.39587741e-10 0.999999821
0.999112666 0.00358762988 0.0419497527 -6.94748545 -0.00437360909 0.999816239 0.0186524875 -3.57373977 -0.0418890454 -0.0188195091 0.998945117 -191.478882 0 1.23028282e-10 -1.44502499e-09 0.99999994
0.998592734 0.00354007864 0.052914083 -9.07656956 -0.00454215845 0.999812424 0.0188301075 -3.61121202 -0.0528319962 -0.0190440137 0.998422086 -191.708847 0 4.0290149e-10 -4.19961133e-09 1.00000083
0.997929573 0.0032502641 0.0642243698 -11.27598 -0.00447109248 0.999811947 0.0188709777 -3.62166381 -0.0641616061 -0.0191191994 0.99775672 -191.916901 5.96046448e-08 2.55386379e-10 4.84491558e-10 1.00000083
0.997115314 0.00278171524 0.0758467317 -13.539484 -0.0042212382 0.999813855 0.0188251156 -3.61775589 -0.075783819 -0.0190908872 0.996941507 -192.087051 0 5.59201296e-11 7.34602157e-10 0.999999702
0.996146679 0.00224023289 0.0876827016 -15.85147 -0.00389555306 0.999817252 0.0187135339 -3.60633111 -0.0876171291 -0.0189830009 0.995973647 -192.212448 5.96046448e-08 1.53799196e-10 6.7171726e-09 0.999998629
0.995024025 0.00177150487 0.0996230021 -18.1945267 -0.00363218482 0.99982214 0.0184999872 -3.58039904 -0.099568218 -0.0187698212 0.994852841 -192.296707 1.1920929e-07 -4.02084477e-11 -6.39264464e-09 1.00000036
0.993753314 0.00150620274 0.11158479 -20.5544395 -0.00354472548 0.999830306 0.0180720296 -3.51460338 -0.111542232 -0.0183547307 0.99358964 -192.349854 5.96046448e-08 2.66913297e-10 8.74863915e-09 1.00000012
0.992342591 0.00150114542 0.12350437 -22.9196014 -0.00366562791 0.999843657 0.0172997043 -3.3791213 -0.123460278 -0.0176200233 0.992193818 -192.3871 -5.96046448e-08 2.93023661e-11 -1.02637427e-08 0.999998569
0.990800023 0.00174228649 0.135325387 -25.2802963 -0.00396191515 0.999861956 0.0161351264 -3.16277742 -0.135275066 -0.0165227763 0.990671039 -192.427734 -1.1920929e-07 -2.60629407e-10 -1.94504217e-08 1.00000083
0.989133596 0.00218125293 0.146998405 -27.627161 -0.00437980564 0.999883354 0.0146339433 -2.87825751 -0.146952897 -0.0151187647 0.989028573 -192.484314 -5.66174378e-08 1.27292621e-10 1.19076571e-09 0.999999881
0.987357736 0.00273700478 0.158484325 -29.9482899 -0.00483899331 0.999905407 0.0128787216 -2.54454255 -0.158434615 -0.0134828081 0.987277389 -192.548019 -3.72111161e-11 8.82284697e-14 4.503799e-10 0.999999821
0.985478938 0.00327294972 0.16976577 -32.230751 -0.00519749196 0.999927104 0.0108932462 -2.1665957 -0.169717699 -0.0116174212 0.985424221 -192.589401 1.52764482e-10 8.95617434e-12 -7.40745243e-10 1
0.983502924 0.00363340299 0.180855542 -34.4668465 -0.00527839176 0.999948978 0.00861513522 -1.72892463 -0.180815652 -0.00942763593 0.983472109 -192.5802 -4.99357986e-11 -1.41928309e-11 1.77866943e-10 0.99999994
0.981431007 0.00374654285 0.191778257 -36.6573868 -0.00497665629 0.999970019 0.00593297603 -1.20542109 -0.191750228 -0.00677721901 0.981420636 -192.511978 -1.67865166e-09 -5.41787015e-12 -9.08848719e-10 1.00000012
0.979267359 0.00367210992 0.20253922 -38.8093529 -0.00432040356 0.999986947 0.0027588252 -0.577214539 -0.20252645 -0.00357667636 0.979270339 -192.395111 -3.73112252e-09 -9.30237571e-12 -3.72221698e-10 1.00000012
0.977026582 0.00351972971 0.213111475 -40.9304276 -0.00340145826 0.99999392 -0.000921657775 0.156515658 -0.213091612 0.000175654306 0.977028906 -192.243744 0 2.05636952e-10 6.85389523e-09 1.00000048
0.974710047 0.00333139743 0.223437011 -43.0209274 -0.0022568414 0.999984562 -0.0050641885 0.983988941 -0.223460868 0.00443182001 0.974703193 -192.064575 -1.1920929e-07 -1.0640442e-10 -3.08751247e-09 0.999998808
0.972368777 0.0030594212 0.233427018 -45.0654259 -0.000834925333 0.999953449 -0.00962776598 1.8964411 -0.233448312 0.00916689448 0.972326577 -191.864532 -9.97445737e-11 -1.55589319e-10 2.54366639e-10 1
0.970033646 0.00264557474 0.242955774 -47.0296898 0.000933014322 0.999892831 -0.0146131516 2.89693069 -0.242968217 0.0144019276 0.969927609 -191.650925 3.70185479e-11 8.01650413e-14 -1.65414876e-10 1
0.96774435 0.00210049935 0.251924545 -48.8799553 0.00304563972 0.999794424 -0.0200356059 3.99243617 -0.251914799 0.0201566145 0.96753937 -191.433212 -8.10805312e-11 -1.59448149e-12 -2.58066346e-11 1
0.965513647 0.00149918918 0.260347754 -50.6094933 0.00543107977 0.999649823 -0.0258978773 5.18394947 -0.260295421 0.0264187269 0.965167403 -191.212906 -1.81689952e-09 3.51864371e-13 -5.87106141e-10 1.00000012
0.963320434 0.000919356942 0.268351912 -52.2421837 0.00800561626 0.999450564 -0.0321623608 6.45899534 -0.268234104 0.0331309885 0.962783873 -190.980453 -1.09699097e-10 -9.07600384e-13 2.42459136e-10 1
0.961142182 0.000408217893 0.276056916 -53.8065529 0.0107143447 0.999190331 -0.0387821645 7.80105495 -0.275844991 0.040232785 0.96035701 -190.72551 -1.1920929e-07 5.77328185e-10 1.23551214e-08 0.99999702
0.958984494 9.49983769e-06 0.283484846 -55.3149872 0.0135115981 0.99886179 -0.0457452908 9.20336151 -0.283136189 0.0476989672 0.957888663 -190.450546 -5.96046448e-08 4.00988798e-10 -6.49161258e-09 1.00000286
0.956849277 -0.000211002247 0.290574938 -56.7647247 0.01633358 0.998457789 -0.0530589893 10.667511 -0.290124774 0.0555157103 0.955381632 -190.16423 5.96046448e-08 -1.54891955e-09 1.32879805e-08 1
0.954802394 -0.000197984395 0.297253966 -58.1468773 0.019105345 0.997972846 -0.0607058331 12.1931515 -0.296626002 0.0636410117 0.952871144 -189.879974 -1.1920929e-07 9.81028592e-11 1.21824986e-08 1.00000381
0.952850163 4.12897789e-05 0.303436577 -59.4421272 0.0218129754 0.997403622 -0.06863188 13.773962 -0.30265668 0.0720146 0.950379968 -189.602951 1.1920929e-07 -1.27521904e-09 7.26602067e-09 0.999998748
0.951049089 0.000426457351 0.30905509 -60.6304474 0.0244997367 0.996747613 -0.0767717808 15.4021511 -0.308066994 0.0805851743 0.947941124 -189.340088 -5.96046448e-08 2.4271456e-09 1.75820745e-08 0.999996901
0.949388504 0.000846131879 0.3141132 -61.7125893 0.0272556357 0.996002674 -0.0850640014 17.0706615 -0.31291908 0.0893201232 0.94556576 -189.103455 -1.1920929e-07 1.75784187e-09 8.09651901e-09 0.999996901
0.947858691 0.00121190981 0.318678886 -62.7116394 0.0301494971 0.995166838 -0.0934565589 18.7719307 -0.317261457 0.0981918573 0.943249941 -188.908157 0 -2.25027463e-09 -1.90863432e-08 1.00000191
0.94648844 0.00147916097 0.322760344 -63.6368408 0.0331999846 0.994237959 -0.101922363 20.4994335 -0.321025193 0.107183874 0.940973103 -188.756882 0 2.69142397e-09 2.81219652e-08 0.999997139
0.945272863 0.00162887247 0.326256692 -64.4597931 0.0364241786 0.993210196 -0.110485375 22.2544842 -0.324240893 0.116322704 0.93880111 -188.648407 -5.96046448e-08 -4.31591873e-10 -3.96711926e-08 1.00000322
0.944319546 0.00164500892 0.329020143 -65.1295547 0.0398001298 0.992073655 -0.119188741 24.0431366 -0.326613605 0.125647113 0.936771691 -188.562729 0 1.03872555e-09 -1.40592142e-08 1.00000107
0.943612993 0.00153950776 0.331057489 -65.6321564 0.0433030985 0.990823328 -0.128036991 25.8659344 -0.328205824 0.135154232 0.93488133 -188.48143 0 1.14838805e-10 6.94102908e-09 0.999995708
0.943064511 0.0013620205 0.332596362 -66.018364 0.0468752719 0.989466846 -0.136961222 27.7095261 -0.329290181 0.144753844 0.933076739 -188.399307 1.1920929e-07 -8.18977774e-10 -1.71233303e-08 0.999998748
0.942615747 0.00115698378 0.333878368 -66.3555298 0.0504506901 0.988018274 -0.145857558 29.552412 -0.330045283 0.154332817 0.931265056 -188.316666 -5.96046448e-08 3.02821057e-09 -2.24562715e-08 0.999993742
0.94225055 0.000921552943 0.334908605 -66.6579742 0.0540138073 0.986486793 -0.154680371 31.3825397 -0.330524445 0.163837194 0.929471731 -188.249664 5.96046448e-08 -3.38381767e-09 -7.68038433e-09 1.00000322
0.942082226 0.000654251722 0.335385025 -66.8617706 0.0575052537 0.984873891 -0.163452238 33.2000656 -0.330415577 0.173272118 0.927794576 -188.212677 0 1.89848404e-09 -4.67553463e-09 1.00000441
0.942230761 0.000420299359 0.334961325 -66.8827896 0.0607809536 0.98318404 -0.17220591 35.0082893 -0.329404056 0.182617351 0.926359177 -188.21846 0 -8.70739036e-11 -3.1098466e-09 0.999997497
0.942735434 0.000315257581 0.333526939 -66.6863861 0.0636873692 0.981430411 -0.180937618 36.8068542 -0.32740432 0.191817567 0.925213099 -188.269455 0 2.00639594e-09 -7.39119344e-09 1.00000012
0.94353807 0.000353451556 0.331246316 -66.3030701 0.0662081987 0.979621708 -0.189626187 38.5959053 -0.32458055 0.200851306 0.924285531 -188.352554 5.96046448e-08 8.4156504e-10 -7.73722775e-09 1.00000191
0.944545746 0.000446589198 0.32838738 -65.7911835 0.0684716702 0.977750838 -0.198280007 40.3834305 -0.321161479 0.209769621 0.923504174 -188.457123 0 -5.06452702e-09 -4.11928802e-09 1.00000322
0.94567138 0.00049851957 0.325118214 -65.1881638 0.0706206262 0.975808501 -0.206908211 42.1763535 -0.317361593 0.218626574 0.922756612 -188.561325 5.96046448e-08 -6.39964526e-10 7.85163934e-09 0.999999225
0.946916044 0.000488041347 0.321490139 -64.504097 0.0726740658 0.973787189 -0.215538993 43.9822159 -0.313158423 0.227460533 0.922061861 -188.665329 5.96046448e-08 -3.65803032e-09 -1.87458511e-08 1.00000226
0.948294938 0.000424195256 0.317410231 -63.7210655 0.0745975971 0.97168839 -0.224178895 45.800148 -0.308499098 0.236266196 0.92141068 -188.761902 0 -3.76441989e-09 -9.22788956e-09 1.00000024
0.949820161 0.000317749626 0.312781274 -62.8277435 0.0763404965 0.969524741 -0.232797697 47.6184349 -0.303337634 0.244993806 0.920852125 -188.860123 0 4.55629845e-09 1.63822023e-09 0.999996662
0.951503813 0.000213177351 0.307611555 -61.8383865 0.0777931511 0.967332423 -0.241282761 49.4083061 -0.297638327 0.253510922 0.920420825 -188.975006 5.96046448e-08 -6.49265086e-10 1.35868818e-08 1.00000465
0.953296661 0.000204020427 0.302028269 -60.7838173 0.0788335875 0.965168417 -0.249469876 51.1355972 -0.291566014 0.261629015 0.92007792 -189.112366 -5.96046448e-08 1.07466391e-09 1.09768905e-09 0.999996662
0.955136657 0.000388184591 0.296187937 -59.686512 0.0793849602 0.963070512 -0.257278621 52.7912903 -0.285327017 0.269249082 0.919831991 -189.285309 -5.96046448e-08 -7.29157001e-09 -1.0507005e-08 1.00000525
0.957010329 0.000787926838 0.290078789 -58.5270653 0.0794430152 0.961045146 -0.264726132 54.3899879 -0.278962284 0.276390463 0.91966337 -189.491821 0 -2.33786235e-09 3.17049498e-10 1.00000417
0.958962679 0.00132701278 0.283539265 -57.2604561 0.0790515542 0.959084451 -0.271862358 55.9473648 -0.272289515 0.283117533 0.919622242 -189.734085 5.96046448e-08 4.60560656e-09 -7.26556326e-09 0.999998987
0.961037695 0.00185886817 0.276400506 -55.8507195 0.0782883316 0.957201421 -0.278632939 57.4465027 -0.265099287 0.289417028 0.91976434 -190.010498 0 -7.39863282e-10 -8.42219716e-09 1.00000131
0.963249743 0.00221444294 0.26864019 -54.2991524 0.0772394538 0.955447674 -0.284872651 58.8388596 -0.257261217 0.295152754 0.92015475 -190.323013 -5.96046448e-08 -5.5734839e-10 -5.06167641e-09 1.00000095
0.965501785 0.00226304308 0.260379642 -52.63871 0.0760811716 0.953877211 -0.290398031 60.0723038 -0.249033764 0.300188869 0.920804381 -190.670593 0 -1.20889521e-10 2.17978968e-08 1.00000095
0.967763245 0.00194536173 0.251822382 -50.9191971 0.0748869926 0.952522457 -0.295117289 61.1221695 -0.240470588 0.304462254 0.921678066 -191.053528 5.96046448e-08 -1.97913952e-09 1.2713322e-08 0.999996483
0.969973028 0.00129454618 0.2431999 -49.194973 0.0737115145 0.951388955 -0.299041986 61.9954529 -0.231774136 0.307989955 0.92272675 -191.477173 1.78813934e-07 -2.95630187e-09 -1.11202887e-08 0.999998152
0.972074568 0.000413881964 0.234676495 -47.5037918 0.0725544691 0.950473905 -0.302217215 62.7105904 -0.22317417 0.310803592 0.923896313 -191.943298 0 2.90900726e-09 -1.33146685e-08 1.00000131
0.974075675 -0.000571724784 0.226230249 -45.8399506 0.0713210106 0.949775279 -0.304696202 63.2847748 -0.214685202 0.312932014 0.925194085 -192.451996 0 -1.49026391e-09 6.27809627e-09 1.00000286
0.976037562 -0.00154351781 0.217616901 -44.144413 0.069839865 0.949293792 -0.306533784 63.7299652 -0.206090346 0.314386368 0.926653624 -192.993668 5.96046448e-08 3.31490924e-09 9.40723055e-11 0.999999464
0.978011727 -0.00241071801 0.208545282 -42.3413887 0.0679675043 0.949023485 -0.307789952 64.0558624 -0.19716315 0.315196127 0.92832005 -193.558426 -5.96046448e-08 -1.4682473e-09 -2.28407888e-08 0.999999881
0.980016589 -0.00317923957 0.198890537 -40.3893776 0.0656878874 0.948952436 -0.308505237 64.2671356 -0.187756225 0.315403253 0.930202067 -194.139313 0 2.51688581e-09 -1.55391167e-09 1.00000346
0.982017338 -0.0039457567 0.18875131 -38.3043022 0.0631418526 0.949070513 -0.308671087 64.3583908 -0.177918434 0.315038711 0.93225044 -194.73262 0 1.09374865e-09 2.05593125e-08 0.999996603
0.983952641 -0.00476447958 0.178385347 -36.1524734 0.0604734346 0.949384332 -0.308239877 64.319252 -0.167869136 0.314081073 0.934433997 -195.352737 0 1.6359234e-09 -7.60009833e-10 0.999999344
0.98575002 -0.00554868951 0.168108135 -34.0245438 0.0577370301 0.949900806 -0.307173491 64.1484909 -0.157998323 0.312503129 0.936686635 -196.016281 0 -1.39393563e-09 1.6184373e-08 0.999996662
0.987387717 -0.00612419704 0.158209801 -32.0039711 0.0548440069 0.950611591 -0.305498004 63.8631706 -0.148518234 0.310322464 0.938960612 -196.739304 0 -4.32698588e-09 -1.312773e-09 0.999998093
0.988845825 -0.00633992162 0.14881961 -30.1242428 0.0517376736 0.951500416 -0.303265363 63.4807014 -0.139667615 0.307582229 0.941212833 -197.514771 0 -1.11578924e-09 2.33731079e-09 1.00000119
0.990162671 -0.00613724906 0.139827415 -28.3471622 0.0483284146 0.952553332 -0.300509483 63.0020752 -0.131309032 0.30431062 0.94347471 -198.318985 0 -1.9608164e-09 6.92804658e-09 1.00000072
0.991372406 -0.00559632061 0.130946279 -26.584713 0.044644326 0.953766823 -0.297213286 62.4086266 -0.123237655 0.300494999 0.945789456 -199.113754 -3.96127753e-09 -6.57692456e-10 1.78173098e-09 0.999999523
0.992526829 -0.00493357936 0.121926047 -24.7614822 0.0407840461 0.955134749 -0.293350369 61.681118 -0.115008831 0.296130657 0.948197901 -199.869812 1.12472254e-11 -3.44875462e-10 1.84607052e-11 0.999999881
0.993617654 -0.00441586971 0.112712741 -22.8612442 0.0370244123 0.956641316 -0.288906246 60.8116608 -0.10655044 0.291235477 0.95069927 -200.577835 3.77258313e-09 -4.33358738e-10 2.00270772e-10 0.999999762
0.994628489 -0.00425068056 0.103420548 -20.9186707 0.0336118527 0.958274662 -0.283866435 59.8009567 -0.0978993177 0.285817832 0.953270376 -201.252472 3.74060827e-09 -3.84837551e-10 -4.88468432e-11 1
0.995543957 -0.00453558192 0.0941879302 -18.975359 0.0306939147 0.960033536 -0.278196782 58.64925 -0.0891620293 0.279848456 0.955894887 -201.923599 -3.0834512e-11 -4.34965564e-10 2.61495298e-10 0.99999994
0.996358454 -0.00524122035 0.085102044 -17.0545731 0.0282807201 0.961920142 -0.271863341 57.3557243 -0.0804360285 0.273279965 0.958565831 -202.618179 1.81214661e-11 1.28723709e-09 -3.69593744e-10 1.00000012
0.997069776 -0.00617991621 0.0762469471 -15.1749544 0.026230922 0.963921368 -0.264890939 55.9282684 -0.0718592405 0.266114831 0.961259365 -203.345169 3.58950092e-11 4.88602436e-10 -2.97477376e-10 1.00000012
0.99767673 -0.00702082785 0.0677601919 -13.3701 0.0242808312 0.965997577 -0.257408351 54.3927231 -0.0636503622 0.258455753 0.963923693 -204.093826 4.56191925e-11 -1.65314318e-09 -7.18674786e-10 1.00000012
0.998183489 -0.00742318854 0.0598007254 -11.6814547 0.0221509505 0.968090177 -0.249620751 52.7892761 -0.0560264736 0.25049153 0.966495872 -204.840439 -5.23054169e-08 -3.7044523e-10 4.33045544e-10 1.00000012
0.998597264 -0.00722252857 0.0524678342 -10.1334124 0.019712314 0.970148206 -0.241710499 51.1550064 -0.0491403565 0.242405742 0.968928814 -205.557144 -5.97644316e-08 1.09104656e-10 1.33898026e-09 0.999999821
0.99893105 -0.00651368033 0.0457666367 -8.72175694 0.0170462113 0.972150922 -0.233734637 49.503273 -0.0429644398 0.234265387 0.971222341 -206.225464 -5.96701781e-08 9.85913018e-11 -5.68873282e-11 1.00000012
0.999198496 -0.00556627102 0.0396398976 -7.42601538 0.0143769383 0.974114776 -0.225595996 47.815834 -0.0373605751 0.225985214 0.97341454 -206.847549 4.48087327e-08 -2.81046209e-09 -2.15816298e-09 1.00000036
0.999409735 -0.00467616413 0.0340217464 -6.22949409 0.0119601935 0.976071656 -0.217120647 46.056221 -0.0322037488 0.217399403 0.97555095 -207.444519 -1.1920929e-07 2.17321094e-09 7.99982747e-10 0.999999285
0.999575257 -0.00407318631 0.028879771 -5.13000059 0.00999551266 0.978040338 -0.208176136 44.1939507 -0.0273782127 0.208376423 0.977665067 -208.041367 0 1.03547215e-09 -9.34150757e-10 1.00000048
0.999698997 -0.00387335219 0.0242122654 -4.13352013 0.00861407816 0.980015695 -0.198733583 42.2202721 -0.0229742713 0.198882908 0.979754269 -208.646759 0 -9.22735721e-10 2.74129608e-09 0.999999821
0.999790847 -0.00403332803 0.0200566165 -3.25049186 0.00774837285 0.981974185 -0.188856378 40.1484146 -0.0189294182 0.188972354 0.981800079 -209.253906 0 -1.06590936e-09 -3.4724934e-10 0.99999994
0.999854445 -0.00435689976 0.0165128037 -2.50112438 0.00723464787 0.983887434 -0.178643212 38.0006142 -0.0154534345 0.178737134 0.983775496 -209.850357 -5.96046448e-08 -1.15518084e-09 -1.46265222e-10 1
0.999895751 -0.00461015012 0.0136885932 -1.90724015 0.00684420764 0.985733032 -0.168176919 35.7944221 -0.0127021009 0.168253124 0.985661924 -210.429977 0 7.87093613e-10 -9.88576221e-10 0.999999821
0.999921799 -0.00467446726 0.0116031626 -1.47347319 0.00644450635 0.987498105 -0.157499611 33.5364838 -0.0107233357 0.157562166 0.987450898 -210.991776 1.1920929e-07 -1.43530215e-10 9.34151645e-10 0.999999464
0.999937832 -0.00459637726 0.0101389792 -1.17566168 0.00603750814 0.989172697 -0.146630675 31.2290573 -0.00938103348 0.146683097 0.989139497 -211.533005 5.96098957e-08 -1.02271636e-09 -7.70796482e-11 0.999999821
0.999948442 -0.0045000352 0.00909220614 -0.969567835 0.0056947479 0.99074465 -0.135618344 28.8846073 -0.00841967389 0.135663971 0.990719557 -212.045883 5.95993264e-08 -4.90900043e-10 -3.74131504e-10 0.999999881
0.999955714 -0.00447928114 0.0082653081 -0.810546637 0.0054742503 0.992194533 -0.124579884 26.5355206 -0.00764276553 0.124619573 0.992175341 -212.523422 1.22974027e-12 -1.43986489e-11 -1.05839337e-10 1
0.999961019 -0.0045802705 0.00753379147 -0.669199646 0.00540710753 0.99350363 -0.113672078 24.2234669 -0.0069642039 0.113708489 0.993489683 -212.965454 1.68289185e-11 -3.37103435e-11 -3.67633951e-10 1.00000012
0.999964654 -0.00483904313 0.00687028887 -0.53708446 0.00552104553 0.994666576 -0.102996543 21.9720993 -0.00633524684 0.103031248 0.994658053 -213.377396 1.02755911e-13 -2.26856034e-11 -1.43942025e-10 0.999999881
0.999965966 -0.00527579943 0.0063212784 -0.421288997 0.00583816692 0.995693088 -0.0925273821 19.768774 -0.00580589706 0.0925612226 0.995690107 -213.76152 3.51628861e-12 -5.82509457e-11 -5.11594878e-10 1.00000012
0.999965191 -0.00583573012 0.0059554521 -0.334626764 0.00630526012 0.996601343 -0.0821339563 17.5739479 -0.00545590511 0.0821679384 0.996603549 -214.113876 -2.12972977e-12 2.16376569e-11 5.40995471e-10 1
0.999962747 -0.00636239396 0.00583940698 -0.293999314 0.00676467502 0.997405112 -0.0716749802 15.3486986 -0.00536822854 0.0717113689 0.997411013 -214.432724 4.10249612e-12 -4.30446789e-11 -4.73391992e-10 1
0.999959648 -0.00666612014 0.00602996536 -0.320045054 0.00702050887 0.998107791 -0.0610868447 13.0777111 -0.00558466371 0.0611253232 0.998114407 -214.72728 -6.16361693e-12 5.43865022e-11 8.28477287e-10 0.999999881
0.999956787 -0.00663165562 0.00651667919 -0.41983676 0.00695274351 0.998704195 -0.0504149161 10.7748899 -0.00619066693 0.0504564755 0.998706818 -215.011063 5.96034901e-08 -3.9340381e-10 4.74857487e-10 0.999999702
0.9999547 -0.00626031822 0.00716286059 -0.566889882 0.00654118927 0.999186993 -0.0397831015 8.47276402 -0.00692595216 0.0398303196 0.999182343 -215.285461 5.95994933e-08 -3.61437824e-10 1.00951214e-09 1.00000024
0.999953866 -0.00562545285 0.00777896075 -0.714979053 0.00585136237 0.999552846 -0.0293299165 6.20612383 -0.00761049008 0.0293716025 0.999539733 -215.535156 -5.75881912e-11 9.30020817e-13 -6.07497941e-11 1.00000012
0.999953985 -0.0048108995 0.00828585867 -0.8384673 0.00496889465 0.999804199 -0.0191541426 4.00066805 -0.00819210801 0.0191933531 0.999782205 -215.742142 4.065576e-13 -4.46205746e-12 -3.649403e-11 1.00000012
0.999953985 -0.00389839988 0.00875763223 -0.947684407 0.00397983799 0.999948919 -0.00930105336 1.86999798 -0.008720899 0.00933862105 0.999918461 -215.900513 -1.08500795e-12 2.04245822e-12 1.87212468e-11 1
0.999952555 -0.00300778821 0.0092800688 -1.0598402 0.00300589902 0.99999553 0.00021548885 -0.181885868 -0.00928603485 -0.000187544036 0.999957263 -216.016968 -3.75840158e-12 -3.03831483e-12 3.98380134e-10 1
0.999949276 -0.00231702602 0.0098113399 -1.16662967 0.00222479296 0.999953687 0.0093933763 -2.15790081 -0.00981582794 -0.00937162433 0.99990797 -216.103424 -5.95924732e-08 -1.16839971e-09 -1.61804392e-09 1.00000024
0.999946058 -0.00198835926 0.0102269296 -1.24227715 0.00180239009 0.999831438 0.0182718076 -4.0723238 -0.01021739 -0.0182494335 0.99978137 -216.169769 -5.96142229e-08 -6.03432992e-09 -5.01405473e-10 1.00000036
0.999943018 -0.0020492191 0.0104664965 -1.27629769 0.00176616351 0.999635696 0.0269303843 -5.94668865 -0.010518387 -0.0269073658 0.999582648 -216.219482 -5.95799072e-08 3.34142425e-09 -1.80570159e-09 1.00000024
0.999941051 -0.00236144639 0.0106124133 -1.29182136 0.00198461115 0.999370098 0.0354328379 -7.79478979 -0.0106646391 -0.0354111306 0.99931556 -216.253494 -5.96046448e-08 -2.81064461e-09 2.57112498e-10 1.00000012
0.999937773 -0.00271225814 0.0108176051 -1.32785034 0.00223693252 0.999038875 0.0437762477 -9.61161232 -0.0109072011 -0.0437495001 0.998983145 -216.274399 -1.1920929e-07 1.21672104e-08 -1.20822929e-09 1.00000024
0.999933302 -0.00293895323 0.0111462772 -1.40048504 0.00235567987 0.998650074 0.0518894047 -11.3758583 -0.0112988707 -0.0518588386 0.998590469 -216.28389 5.96046448e-08 -3.24888338e-09 6.28359587e-10 1
0.99992913 -0.00300637656 0.011505655 -1.48723912 0.00231337547 0.998213291 0.0597067587 -13.0703773 -0.0116913123 -0.0596768297 0.998149753 -216.278366 -5.96046448e-08 2.81499113e-09 1.87352356e-11 1
0.999926627 -0.00300630718 0.01174061 -1.55103958 0.00221039797 0.997733414 0.0672532097 -14.7030077 -0.0119248014 -0.0672232658 0.997666836 -216.251144 5.9586128e-08 -6.68038819e-11 1.63039049e-09 0.999999821
0.999925792 -0.00308272871 0.0117750764 -1.57384455 0.00219597109 0.997207046 0.0746532828 -16.3065567 -0.0119799273 -0.0746220052 0.997139871 -216.202026 6.09602256e-12 -1.07452414e-09 -4.73898809e-10 0.99999994
0.999926686 -0.00332550402 0.0116520701 -1.56466734 0.00235944754 0.996625304 0.0820524246 -17.9167538 -0.0118851149 -0.0820176378 0.996560097 -216.138092 -9.29852723e-12 -4.38777015e-09 -5.3218896e-10 1.00000012
0.999927521 -0.00370858773 0.0114638023 -1.54212832 0.00266878353 0.995980501 0.08952941 -19.5492973 -0.0117368037 -0.0894928053 0.995918393 -216.063461 -5.95952976e-08 1.72221415e-09 -6.32532193e-10 1.00000012
0.999927938 -0.00412747683 0.0112775676 -1.51789844 0.00301369699 0.995271862 0.0970810726 -21.1969776 -0.0116401548 -0.0970401764 0.995212257 -215.972473 8.36767808e-12 3.79593956e-09 9.60024726e-10 0.999999881
0.999928117 -0.00450706854 0.0111342641 -1.49827099 0.00331794424 0.994499624 0.104687504 -22.8485832 -0.0115345055 -0.104643531 0.99444294 -215.856873 -5.95932939e-08 1.528219e-09 -8.2130569e-10 1.00000024
0.999926805 -0.00487183128 0.011089921 -1.49482131 0.00359398453 0.993659139 0.112377658 -24.5082035 -0.011566638 -0.112329833 0.993603587 -215.716873 -2.47725408e-12 -7.28958505e-10 -2.38667419e-11 1
0.99992305 -0.00530011859 0.0112220943 -1.52555025 0.00391430594 0.992740512 0.120213047 -26.1926575 -0.0117784571 -0.1201602 0.992684603 -215.563797 -7.36779734e-12 -3.71605358e-10 5.80110626e-10 1
0.999915957 -0.00581246288 0.0115878889 -1.60502803 0.00427765492 0.991737545 0.12821275 -27.9124622 -0.012230495 -0.128152281 0.991679072 -215.410065 1.46309909e-11 1.21390553e-09 -6.13617879e-10 1.00000012
0.999905825 -0.00630770437 0.0121928426 -1.73824227 0.00458827149 0.9906528 0.136330307 -29.6634731 -0.0129291918 -0.136261448 0.990588546 -215.259384 -6.66905767e-14 -6.88191115e-10 -4.081539e-10 1.00000012
0.999893904 -0.00660404656 0.0129980976 -1.92255163 0.00465664454 0.989491522 0.144516125 -31.4384823 -0.0138058951 -0.144440338 0.989417076 -215.104141 -3.61148784e-12 -3.66957492e-10 9.18891629e-11 1
0.999881744 -0.00654648384 0.0139183104 -2.14461231 0.00434423424 0.988249958 0.152785107 -33.2405777 -0.0147557184 -0.15270634 0.988161325 -214.92836 5.21934926e-12 1.50592816e-09 7.43453188e-10 0.99999994
0.99987185 -0.00611022208 0.0147982361 -2.37080264 0.0036454557 0.986913085 0.161212847 -35.0822906 -0.0155925695 -0.161137864 0.986808777 -214.714508 -5.85442632e-12 -1.84379245e-09 -4.436842e-10 1.00000012
0.999866128 -0.00544152781 0.0154404687 -2.5511241 0.0027386623 0.98546046 0.169883654 -36.976635 -0.0161345974 -0.169818297 0.985343456 -214.451324 -6.66895705e-12 -1.376804e-09 2.14092744e-10 1.00000012
0.999864995 -0.00479930267 0.0157077517 -2.64398098 0.00191389071 0.983875275 0.178846166 -38.9312248 -0.0163058881 -0.178792119 0.983751833 -214.13829 6.32960524e-12 -1.23272981e-09 -6.63159139e-10 1
0.999868691 -0.00441542501 0.0155924354 -2.6365521 0.00140395924 0.982156992 0.188058063 -40.9378967 -0.0161463078 -0.188011676 0.982034326 -213.786057 -1.45988863e-12 4.56490457e-10 -2.64074151e-10 1
0.999875665 -0.00437040441 0.0151716033 -2.53951073 0.00128956046 0.98031801 0.197421923 -42.9782906 -0.0157327726 -0.197377503 0.980201542 -213.407944 -9.28603722e-12 -1.77643233e-09 5.46446777e-11 1
0.999884248 -0.0045747296 0.0145271691 -2.37202787 0.00147328852 0.978374481 0.206836641 -45.0317917 -0.0151519431 -0.206791133 0.97826767 -213.011658 -5.83445878e-12 1.45888579e-09 9.96568161e-10 0.999999881
0.999893606 -0.00485013658 0.0137536926 -2.16406631 0.00176052283 0.976344049 0.216216296 -47.0792007 -0.0144685023 -0.216169104 0.976248503 -212.598083 -2.98004572e-08 1.17881438e-09 5.91564464e-10 1
0.999902666 -0.00502965366 0.0130230589 -1.96849942 0.00196382171 0.974238157 0.225513384 -49.1106834 -0.0138127683 -0.22546576 0.974153221 -212.166077 -5.95895351e-08 6.80029477e-10 -1.07916109e-09 1.00000024
0.999908805 -0.00500062294 0.0125561226 -1.84954286 0.00191054842 0.972058356 0.234731257 -51.1305046 -0.0133867748 -0.23468633 0.971979141 -211.718002 5.32415084e-12 1.94338523e-09 5.91018789e-10 1
0.999911189 -0.00469425693 0.0124714887 -1.84267139 0.00151088741 0.969800293 0.243896157 -53.148983 -0.0132406503 -0.243855596 0.969721198 -211.260773 2.4246577e-12 -1.00082709e-09 -1.74402381e-10 1.00000012
0.999911368 -0.00408532377 0.012673392 -1.92503083 0.000743034994 0.967466116 0.252999455 -55.1658287 -0.0132950228 -0.252967685 0.967383504 -210.800705 -5.14468069e-12 -1.81561779e-10 4.74726203e-10 0.99999994
0.999911487 -0.00322327507 0.01291769 -2.03074265 -0.000272540143 0.965077698 0.261964113 -57.1602516 -0.0133081414 -0.261944443 0.964991212 -210.33931 6.13234463e-12 1.71188064e-09 1.31882949e-10 0.99999994
0.999913156 -0.00223529316 0.0129965693 -2.098665 -0.00136488979 0.962673008 0.270663679 -59.0965729 -0.0131095685 -0.270657867 0.962586343 -209.874741 -2.98015586e-08 1.97373451e-09 -1.95852917e-10 0.99999994
0.999916434 -0.00127029559 0.0128692836 -2.10921121 -0.00237000315 0.96029824 0.278965652 -60.9381104 -0.0127142742 -0.278972685 0.960215032 -209.407578 2.98033207e-08 2.81717816e-10 2.40642672e-10 0.99999994
0.999920011 -0.000443904253 0.0126372566 -2.08148241 -0.00320252776 0.957998157 0.286756575 -62.6566429 -0.0122360485 -0.286774158 0.957920074 -208.943878 -6.02387237e-12 -1.41559653e-10 4.92988761e-10 0.999999881
0.999922991 0.000177487367 0.0124159083 -2.04294229 -0.00381915527 0.955816686 0.293938369 -64.2325287 -0.0118092122 -0.293963015 0.955743849 -208.494125 1.09319004e-11 -6.22924212e-10 -8.3736057e-10 1.00000024
0.999924779 0.000586380018 0.0122507997 -2.00876951 -0.00423813052 0.953796744 0.300422698 -65.651123 -0.0115093151 -0.300452083 0.953727484 -208.069962 -1.11363384e-11 -7.55392415e-11 1.00559649e-09 0.999999881
0.999925911 0.000844925584 0.0121457828 -1.98688722 -0.00452620257 0.951976061 0.306139022 -66.9008865 -0.0113041243 -0.306171149 0.951909244 -207.68309 -1.00314765e-11 5.01993336e-10 8.13054346e-10 0.999999881
0.999926209 0.00105350325 0.0121069578 -1.98503232 -0.00476900116 0.950381935 0.311048985 -67.9739532 -0.0111898407 -0.311083883 0.950316668 -207.342484 -2.37218925e-12 3.87850085e-10 1.24237398e-10 1
0.999925852 0.00127683033 0.0121062854 -1.99863183 -0.00502864178 0.949031532 0.315141082 -68.8657532 -0.0110981846 -0.315178394 0.948967338 -207.05246 5.96019483e-08 -1.30290445e-10 8.62467875e-10 0.99999994
0.999926448 0.00149486575 0.0120343445 -1.99870872 -0.00524618709 0.947938979 0.318408191 -69.5728226 -0.0109254196 -0.318447739 0.947877526 -206.814209 -6.13702145e-12 5.38124711e-10 3.6996517e-10 0.99999994
0.999929607 0.00162775314 0.0117567973 -1.94813979 -0.00531450938 0.947122097 0.320829749 -70.0910187 -0.010608647 -0.320869595 0.947063863 -206.630356 7.94200122e-12 -5.07079323e-10 -6.03088801e-10 1
0.999935448 0.0016045071 0.0112428823 -1.83652401 -0.00514614675 0.94659543 0.322383255 -70.4176178 -0.0101321973 -0.322420508 0.946542382 -206.507523 5.96011382e-08 3.43296447e-10 8.44787518e-10 0.99999994
0.999942601 0.001409997 0.0106295571 -1.69728637 -0.00476918463 0.946364045 0.323067158 -70.554718 -0.00960625987 -0.323099434 0.946316183 -206.452408 8.12839986e-12 -3.80971199e-10 -3.92579469e-10 1
0.999947727 0.00108487706 0.0101523036 -1.58869302 -0.00431267824 0.946406484 0.32294935 -70.518013 -0.00926949363 -0.322976381 0.946361661 -206.461334 5.96004455e-08 1.60351593e-11 8.88419616e-10 0.999999881
0.999949694 0.000701788987 0.00999548379 -1.55470312 -0.00388549874 0.946702361 0.322086394 -70.3188095 -0.00922943838 -0.322109044 0.946657479 -206.522964 -5.75705456e-12 5.94121419e-10 6.85102419e-10 1
0.999948323 0.000342395389 0.0101716788 -1.59641445 -0.00358158094 0.947257519 0.320453435 -69.9501266 -0.00952689629 -0.320473492 0.947209835 -206.628647 -5.96041971e-08 4.17395202e-10 -3.58064023e-10 1.00000012
0.999944627 7.87817189e-05 0.0105143692 -1.67368615 -0.00341639062 0.948101759 0.317948699 -69.3898087 -0.00994431041 -0.317966998 0.948049724 -206.781311 2.80176923e-13 4.56696736e-10 -1.48648149e-10 1.00000012
0.999942064 -4.22032135e-05 0.0107838502 -1.73212147 -0.00334943295 0.949270844 0.314441502 -68.6113129 -0.0102422955 -0.314459562 0.949215889 -206.994675 4.68865441e-12 2.13347895e-10 -4.30058211e-10 1.00000012
0.999941826 -8.6592363e-06 0.0107926242 -1.73114812 -0.00333217066 0.950783014 0.309839606 -67.597374 -0.0102484282 -0.309857339 0.950727582 -207.283478 -5.96038596e-08 2.60790473e-10 -1.60129798e-10 1.00000012
0.999945462 0.000154461814 0.0104584927 -1.65384829 -0.0033260691 0.952620566 0.304143667 -66.350296 -0.00991351623 -0.304161549 0.952568889 -207.653366 2.65101656e-12 -3.78382659e-10 -3.79162701e-10 1.00000012
0.999951959 0.000396131509 0.0097995596 -1.50463605 -0.00329555804 0.954731107 0.297452956 -64.892868 -0.00924059469 -0.297471046 0.954686344 -208.097488 -5.83902067e-12 1.64534608e-10 4.39493525e-10 0.99999994
0.999959886 0.000662548002 0.00893635396 -1.31046951 -0.00322766253 0.957043886 0.289924622 -63.2590408 -0.00835452974 -0.289941937 0.957007527 -208.600464 -6.52936039e-13 2.95597463e-10 2.57981081e-10 1.00000012
0.999967098 0.000914489676 0.00808012858 -1.11912298 -0.00315170316 0.959490478 0.281724095 -61.483139 -0.00748603512 -0.28173992 0.959461749 -209.143875 1.10062827e-11 -8.63587146e-10 -1.08459852e-09 1
0.999971688 0.00112094125 0.00744497962 -0.978731215 -0.00311086699 0.962011337 0.272992074 -59.593502 -0.0068561486 -0.273007482 0.961987615 -209.710159 3.10269106e-12 2.39817749e-11 1.00224773e-10 1.00000012
0.999973893 0.00124461309 0.00712513132 -0.909379244 -0.00308040995 0.964564323 0.26382944 -57.6099014 -0.00654428173 -0.263844758 0.964542925 -210.284988 -3.60437114e-12 -2.88505053e-11 -1.61890445e-10 1
0.99997437 0.00125218998 0.00704967836 -0.893982232 -0.0030037351 0.967124581 0.25428611 -55.5412369 -0.00649950095 -0.254301161 0.967103481 -210.858047 -4.50993236e-12 -4.13213075e-11 2.46326071e-10 0.999999881
0.999974549 0.00114350999 0.00704851886 -0.894521177 -0.00283133727 0.96967864 0.244367361 -53.3867836 -0.00655535934 -0.244381264 0.969657063 -211.422867 -4.95881895e-12 -6.43107304e-11 1.67570957e-11 0.99999994
0.999975383 0.000959725294 0.00696415501 -0.876594365 -0.00256317854 0.972217977 0.234063283 -51.1430397 -0.0065460382 -0.23407568 0.972196162 -211.975784 -4.45253947e-12 -2.30423111e-11 1.91676397e-11 1
0.999976933 0.000758107693 0.00673565641 -0.827054858 -0.0022436257 0.974728584 0.223382026 -48.8124695 -0.00639608828 -0.223391742 0.974707484 -212.514374 2.94944234e-12 -9.22970866e-11 4.45818604e-10 1
0.999979258 0.000582187669 0.00641569169 -0.757892966 -0.00193143205 0.977188051 0.212367624 -46.4071121 -0.00614569895 -0.212375745 0.977168798 -213.035995 1.9632386e-12 9.97306959e-11 -3.78343135e-10 1.00000012
0.999981165 0.000452514359 0.00611285353 -0.693580568 -0.00167255825 0.979570508 0.201093689 -43.9452133 -0.00589697482 -0.201100096 0.979552805 -213.536972 -2.54925725e-12 -6.07606881e-11 4.26131741e-10 1
0.999982536 0.000377493416 0.00590162165 -0.65024507 -0.00148985861 0.981852412 0.189641058 -41.4448509 -0.00572293252 -0.189646766 0.981835842 -214.014175 2.59427549e-12 1.12915517e-10 -5.8839178e-10 1.00000012
0.999983251 0.000366455497 0.00577986287 -0.62609148 -0.00138988101 0.984015524 0.178076878 -38.9202423 -0.00562221836 -0.178082049 0.983999729 -214.468033 1.71239628e-12 -8.17743928e-11 3.94869248e-10 1
0.999983609 0.000426955638 0.00570444716 -0.610593259 -0.00137054804 0.9860484 0.166453719 -36.3828621 -0.00555379316 -0.166458368 0.986032963 -214.902512 -2.34743128e-12 -1.11442189e-10 5.45980594e-10 0.999999881
0.999983966 0.000549827586 0.00565000111 -0.598230064 -0.00141797389 0.987941206 0.154823646 -33.8446579 -0.00549674127 -0.154828921 0.987925828 -215.319992 -3.97684186e-12 -1.01708954e-10 5.43781686e-10 0.999999881
0.999983907 0.000702130317 0.00562816719 -0.592164576 -0.00150111027 0.98968637 0.143243328 -31.318306 -0.00546954433 -0.14324972 0.989671528 -215.716064 -1.91048067e-12 -5.6975466e-11 6.38439746e-10 0.999999881
0.999983609 0.00083999557 0.00566082215 -0.598123491 -0.00157857465 0.991280138 0.131761342 -28.8139572 -0.00550078414 -0.131767601 0.991265476 -216.080612 2.18218325e-12 6.19746199e-11 -5.94117588e-10 1.00000012
0.999983251 0.000935561024 0.00573939178 -0.615645409 -0.00161986263 0.992722869 0.120410323 -26.3382549 -0.00558497524 -0.120417111 0.992707551 -216.404099 2.10810319e-12 5.49878962e-11 -6.754724e-10 1.00000012
0.999982536 0.000996003626 0.00581158372 -0.634278357 -0.00162479247 0.994016588 0.10921628 -23.897356 -0.00566803291 -0.109223641 0.994001269 -216.684326 3.60661154e-13 -2.17436243e-11 1.62983349e-10 1
0.999982476 0.0010509789 0.00581787899 -0.640469134 -0.00161729613 0.995164573 0.0982095227 -21.4991646 -0.00568653224 -0.0982178599 0.995148659 -216.926102 -1.61737312e-12 -1.30512198e-11 1.77638793e-10 1
0.999982953 0.001118068 0.00574273895 -0.629214704 -0.00161587796 0.996169686 0.0874260291 -19.1522484 -0.00562299648 -0.0874336511 0.996154726 -217.137222 6.97983338e-13 1.64557257e-11 -1.38408396e-10 1
0.999983549 0.00118515885 0.00562305748 -0.607265174 -0.00161412067 0.997037053 0.0769059658 -16.8648643 -0.00551524945 -0.0769138709 0.997022331 -217.322617 -8.90710249e-13 -2.8574542e-11 4.52893195e-10 0.999999821
0.999984026 0.00122339162 0.00551580498 -0.586664081 -0.00158859848 0.997771919 0.0667005703 -14.6470966 -0.00542191602 -0.0667079464 0.99775809 -217.48526 1.82088199e-12 2.43146267e-11 -4.80253448e-10 1.00000012
0.999984264 0.00120578834 0.00547859585 -0.5803352 -0.0015154985 0.998379767 0.0568832308 -12.513896 -0.00540112937 -0.0568898581 0.99836576 -217.627991 9.55127036e-13 1.33759913e-11 -3.90170007e-10 1.00000012
0.999984026 0.00111848384 0.00557390228 -0.602770388 -0.00138229458 0.998867929 0.0475528203 -10.4856501 -0.00551440381 -0.0475594364 0.998853385 -217.754227 2.25445877e-12 1.96152365e-11 -6.093831e-11 1.00000012
0.999982417 0.000973283488 0.00585355377 -0.666151881 -0.00119976548 0.999245763 0.0388131477 -8.5836916 -0.00581136392 -0.0388193801 0.999229431 -217.863159 -2.06104448e-12 -8.48813381e-12 2.42259546e-10 1
0.999979734 0.000809159013 0.00631510932 -0.769829988 -0.00100289308 0.999527156 0.030735258 -6.82247686 -0.00628725253 -0.0307393223 0.999507606 -217.949326 -6.20067366e-13 -1.17587259e-11 2.90237195e-10 1
0.999975979 0.00066252175 0.00688839052 -0.896783471 -0.000823131471 0.999727368 0.0233393423 -5.20598316 -0.0068710479 -0.0233457033 0.999703765 -218.008331 1.12003722e-13 -2.93368628e-12 2.49725796e-11 1
0.999971867 0.00053297414 0.00748711592 -1.02588546 -0.000657337194 0.999861598 0.0166226905 -3.73403502 -0.0074650147 -0.0166279133 0.999833703 -218.042328 -6.65884275e-12 1.77407078e-09 8.60049088e-10 0.999999881
0.999967456 0.000392088026 0.00807170197 -1.14756751 -0.000477902358 0.999943912 0.0106046982 -2.4123714 -0.00806601625 -0.0106180627 0.999911368 -218.059296 2.69681456e-12 -3.63627306e-09 -5.29171928e-10 1.00000012
0.999962568 0.000226520438 0.00865191687 -1.2651664 -0.000272724952 0.999985993 0.00534174172 -1.25553226 -0.00865233224 -0.00534390006 0.999948323 -218.066666 -5.96071104e-08 -3.25210241e-11 4.23099028e-10 1
0.999957144 5.95905476e-05 0.00924007688 -1.38363779 -6.79913428e-05 0.999999642 0.000908363319 -0.281634688 -0.00922954548 -0.000908952963 0.999956846 -218.068497 -1.26383929e-12 -1.81519556e-12 -1.51690882e-11 1.00000012
0.99995178 -7.0162394e-05 0.00982583594 -1.50297201 9.5955038e-05 0.999996543 -0.00262361602 0.493022472 -0.00982064381 0.00262443279 0.999948144 -218.066559 -2.83077208e-12 -1.19238636e-12 3.11869697e-10 0.99999994
0.999946117 -0.000137697498 0.0103935562 -1.62183332 0.000191625295 0.999986529 -0.00519051915 1.05482852 -0.0103777722 0.00519222813 0.999932528 -218.063049 5.27498184e-12 3.54764265e-12 -2.47563969e-10 1
